,date,IBM,GE,AMZN
0,2/1/13,2.474996080682157,1.6537112041065338,2.534670699669306
1,3/1/13,-0.5515615701074061,-1.1310205391586337,0.4536776533514697
2,4/1/13,-0.657655336034324,0.47281411959461117,0.25886458440700366
3,7/1/13,-0.43913483532902475,-0.33073500500013786,3.5291941047254305
4,8/1/13,-0.13989277170667336,-1.094467265720045,-0.7775086322394209
5,9/1/13,-0.28556834781916507,0.238948739738154,-0.011258986529316672
6,10/1/13,0.290753052940218,1.0446438778627165,-0.37992484188213993
7,11/1/13,0.8106826728840666,-0.18912535188082558,0.9751052360069679
8,14/01/2013,-0.9455724469038529,-0.04733727899046691,1.7719256619336043
9,15/01/2013,-0.062318240487879706,0.3780722839906048,-0.30480166079787097
10,16/01/2013,0.046742320828130346,-0.3780722839906048,-1.0983229354975421
11,17/01/2013,0.5488777385083132,0.8486613877318749,0.5747109865718691
12,18/01/2013,0.4225555195587205,3.415191156933428,0.6044950105919433
13,22/01/2013,0.8244829703066614,-0.13620887463434705,-0.7117730258136667
14,23/01/2013,4.312045263167619,-0.31854406912863453,-0.7728108455437699
15,24/01/2013,-0.14664909506034718,0.5001147045771148,2.0342975728682156
16,25/01/2013,0.2686926065107009,1.0825545504922207,3.7198708569193606
17,28/01/2013,-0.019521835132074727,0.9377161812596846,-2.839317208212755
18,29/01/2013,-0.5038780077956773,0.0,-5.851890096029333
19,30/01/2013,-0.18653483850021857,-1.207258123426902,4.658007109478923
20,31/01/2013,-0.22134837190295187,0.22466870829780383,-2.69921484315363
21,1/2/13,1.0336797489143734,1.5145055628891235,-0.1885014695771403
22,4/2/13,-0.6797591120673907,-1.3799462243533345,-1.91250825418523
23,5/2/13,-0.49190912767231865,1.0256500167189042,2.623188251662878
24,6/2/13,-0.876650592788053,-0.4446427957134347,-1.7652779889743009
25,7/2/13,-0.6387834716521823,0.17809443709944084,-0.7617952285160712
26,8/2/13,0.966566241609268,0.08892841848839872,0.6587790243357539
27,11/2/13,-0.7565186577563665,-0.22246950221109785,-1.8260851051709714
28,12/2/13,-0.059975015790136865,0.5773944533252529,0.5776294869052734
29,13/02/2013,0.024996876770178034,3.5244021874571985,4.0787939051856625
30,14/02/2013,-0.22014819068258973,0.08547009067316758,-0.08539288977242876
31,15/02/2013,0.6639617199236447,-0.5139197606570001,-1.5533747031910572
32,19/02/2013,-0.328926278895203,1.955844658440098,1.7426213169226656
33,20/02/2013,-0.5054736257213754,-1.4419248977830978,-1.2459128638988126
34,21/02/2013,-0.49290915610500363,-0.6428134412300945,-0.17657560706956232
35,22/02/2013,1.3820259024379666,0.557343350556927,-0.19572047433218387
36,25/02/2013,-1.7963403697558888,-2.5109544299791065,-2.113200871139309
37,26/02/2013,0.8218929619521198,1.046673314636104,-0.19644865429269132
38,27/02/2013,1.5891932831165079,1.3787379108108677,1.4887131583166457
39,28/02/2013,-0.7441248742516393,-0.6439172281020866,0.3867118935640512
40,1/3/13,1.030375193094546,-0.1292825002304987,0.5547079582669312
41,4/3/13,1.1173848186123436,0.3443826046759746,2.735625828555577
42,5/3/13,0.6509301133902134,1.365791610538336,0.9039646193008899
43,6/3/13,0.8917655684479442,0.33855301063088206,-0.6552828308745262
44,7/3/13,0.497846887527853,0.04223864899124408,0.032862855064852425
45,8/3/13,0.4573614451811814,0.3793471356297484,0.11312424801905863
46,11/3/13,-0.14270087566421452,-0.6330470602886162,-1.081729578513091
47,12/3/13,0.22347440534513652,-0.8930529266396814,1.0598445477866925
48,13/03/2013,0.7146098889714736,0.3411517168002032,0.3532257855157539
49,14/03/2013,1.7482799326382192,0.8478219499872708,-3.461635474855207
50,15/03/2013,-0.4086186963413674,-1.0609053461882123,-1.4861066586262517
51,18/03/2013,-0.7988223451592447,-0.8138832675446572,-1.5124106753253486
52,19/03/2013,0.10781203182306243,0.30062294489261454,-0.5755450346842217
53,20/03/2013,0.7561296235121695,0.5985481743037813,0.33795642194291986
54,21/03/2013,-1.3105167740737222,-0.7272759329080003,-1.522748625625514
55,22/03/2013,-0.08483292408731913,0.3429064654516978,1.70603190878591
56,25/03/2013,-0.6338368357552859,-0.5578216567056149,-0.6734595528555154
57,26/03/2013,0.7657754092253555,-0.5176888179533545,1.661770110499372
58,27/03/2013,-0.6946277191797634,-0.08654262764289378,1.8987994977007538
59,28/03/2013,1.136295495363182,0.08654262764289378,0.44754584743431636
60,1/4/13,-0.432250250160493,-0.17316021642779234,-1.8481874997566372
61,2/4/13,0.9279721650949924,1.120218521851113,0.6522772988502901
62,3/4/13,-0.7962198403709486,-1.467441092926025,-1.6433694808217325
63,4/4/13,-0.6368396644104379,0.34722257107491217,0.01929706090209038
64,5/4/13,-0.903219679077516,-0.6520344770085895,-1.3992727023210527
65,8/4/13,-0.0429823510311067,0.8251946934363819,1.3490902794004889
66,9/4/13,-0.0477899362135048,-0.25985289632637354,0.8421668786134262
67,10/4/13,1.3199944756397741,2.2299380268311797,1.3804786551193438
68,11/4/13,0.4330233632543923,0.042399831035888624,1.9004799297555053
69,12/4/13,-0.7259046723355311,-0.5526050194254228,1.1129205171802603
70,15/04/2013,-1.008001141574244,-2.8097806929032743,-1.9053833061636993
71,16/04/2013,1.3008824506553829,1.2633581231451085,1.710962746398792
72,17/04/2013,-1.1051408514864747,-1.4828008269617499,-1.830565842574483
73,18/04/2013,-1.209174590793527,-0.3962144738692608,-3.029721881062919
74,19/04/2013,-8.641904808872614,-4.142870698474477,0.34632734249306907
75,22/04/2013,-1.1486773735157385,-1.8562017860059399,1.233138347276519
76,23/04/2013,1.992475781627867,0.7001195458983478,2.009646072852078
77,24/04/2013,0.05218094524694905,2.1169681507712923,-0.04463249673536396
78,25/04/2013,1.1616528191899178,-0.04554771201497054,2.178642838565814
79,26/04/2013,0.18544279769594496,1.1775498385155903,-7.516146010887326
80,29/04/2013,2.460343755130978,0.2697843362940322,-2.009775266706182
81,30/04/2013,1.6879089116929258,0.08976661285009513,1.6165538878673225
82,1/5/13,-1.4471695346612634,-0.630065090663301,-2.2230219875114976
83,2/5/13,1.3730875893552152,0.7645641021965854,1.7253513181861635
84,3/5/13,1.042029606732342,1.1138453316334118,2.154407692849425
85,6/5/13,-0.8495177621004046,0.044296789207143306,-0.9070229944029506
86,7/5/13,0.41829740379899505,0.4418920138035354,0.7829468219842539
87,8/5/13,0.582697190822401,1.4445425187723515,0.36791738022214915
88,9/5/13,-0.7743997542204895,-1.0045946028238717,0.5705088438856087
89,10/5/13,0.6033669526519958,0.5253952541158124,1.3249778594389916
90,13/05/2013,-0.982953803153741,-0.21857932199802477,0.333249061896268
91,14/05/2013,0.3648248878602267,0.697778670706084,1.4338433472703471
92,15/05/2013,0.05411654602260896,0.994602793643562,-0.6618170067024032
93,16/05/2013,0.6715497733188691,0.12900453304900417,-0.9195813652107532
94,17/05/2013,1.8154590545571558,0.8131865911129132,2.1647937646828375
95,20/05/2013,-0.40380305797240723,0.4677873722710224,-0.8446053379397078
96,21/05/2013,0.5044959649119996,0.38111416022008626,0.458533123822491
97,22/05/2013,-0.7987627879199266,0.8417558119529378,-2.2188869504661035
98,23/05/2013,-0.4017964887101044,-0.8417558119529378,-0.4421076048664041
99,24/05/2013,-0.2136545437394055,-0.5509655810969516,-0.022920885722133022
100,28/05/2013,0.9963806735670211,0.29705092922935883,2.0982642287603603
101,29/05/2013,0.06735626908493941,0.16934805063328895,-0.6606420060188967
102,30/05/2013,0.6901867888655211,-0.16934805063328895,0.4883885372310992
103,31/05/2013,-0.6421029296903136,-1.1935350549272972,0.8842920896468875
104,3/6/13,0.44607599689374666,1.3628831055605861,-0.8655515747292952
105,4/6/13,-1.329691509230102,0.08456660123430382,-0.44312287681824714
106,5/6/13,-1.6873654523113402,-1.44744970679489,0.5517306937180777
107,6/6/13,0.5214701510114494,0.25695945616308613,0.24672162047973956
108,7/6/13,1.243468387131763,2.0322460625847416,3.3195668401416967
109,10/6/13,-0.6466269304686634,-0.33585254071342163,1.5055702263937043
110,11/6/13,-0.5085585532883741,-0.8445996153410906,-2.263300671372992
111,12/6/13,-1.3722511596787612,-0.33984739591113033,-1.138264625031038
112,13/06/2013,1.2692468587260919,0.7630388865691451,1.5051611557753475
113,14/06/2013,-0.7734600226473987,-0.6779686985378675,-0.6548169929231129
114,17/06/2013,0.4145648128326407,1.0573158341676159,1.4745344867383103
115,18/06/2013,0.8972676926410017,2.328587542332894,1.3218762497696268
116,19/06/2013,-1.4405008064932723,-1.4490007196063193,-1.2859192539487196
117,20/06/2013,-2.2991770795924182,-3.091501756600268,-1.7114268332325544
118,21/06/2013,-0.9623046708199468,0.47200259266606537,-0.02926481420413296
119,24/06/2013,-0.9871648288161339,-1.8579061090213234,-1.0110938209914266
120,25/06/2013,0.7412831417235921,0.7819327416476618,0.5446947120897327
121,26/06/2013,-0.06156372039303193,0.6039707747075962,1.9947609519216591
122,27/06/2013,0.40459455475456707,0.30062294489261454,-0.007212854881366582
123,28/06/2013,-2.347811904385111,-0.5590210214851066,0.05043224749270436
124,1/7/13,0.08891446491796628,0.6447475590969365,1.5756269874819928
125,2/7/13,0.11494854706306512,-1.9031716298215873,0.5761463518362042
126,3/7/13,0.9096878846831302,0.043658590521022944,0.10567494104316566
127,5/7/13,0.8655780990054041,1.4301435518305983,0.6492275966611949
128,8/7/13,0.025652074354010068,0.34364294985813615,1.634119663002842
129,9/7/13,-1.9054112754918862,1.2782449286924624,0.3229577465230449
130,10/7/13,0.4953731939546735,-0.33927089370857644,0.2740350475559872
131,11/7/13,0.28567737906914914,1.6849598297696833,2.4765231692401635
132,12/7/13,-0.3793441195334424,-0.7547205635383136,2.598914452434009
133,15/07/2013,0.9998218082217569,-0.5486403295627884,-0.3191496228133417
134,16/07/2013,-0.07734433601136459,-0.8499838679111971,0.09780582258205328
135,17/07/2013,0.3604483727348118,0.4683849312426158,0.5913331936449495
136,18/07/2013,1.7527375445644644,0.38159893666858125,-1.4948091893895565
137,19/07/2013,-2.2732417092317547,4.509554139067351,0.36761783613599164
138,22/07/2013,0.28378112287459345,0.5647453493075272,-0.5749880119965134
139,23/07/2013,0.45750201884899866,-0.6052066082046448,-0.8006162988616339
140,24/07/2013,0.832508191827408,-0.364889924421119,-0.706669607468946
141,25/07/2013,0.3097785784783369,0.2839182600780532,1.4809149596974436
142,26/07/2013,0.06589958760674364,-0.16214028683889659,2.7983236673513545
143,29/07/2013,-0.5793287582439355,-0.6512029524622598,-1.912339200772717
144,30/07/2013,-0.10199378784339075,-0.04084133199508955,-1.2128166078742453
145,31/07/2013,-0.49610128579509194,-0.4503590007010505,-0.39428177579843293
146,1/8/13,0.39401868538089246,1.0206253119192432,1.4338022876373202
147,2/8/13,-0.33250663675987724,0.32441228776241005,-0.4460698137425112
148,5/8/13,0.17406444777838814,-0.731413256592095,-1.0641211140715257
149,6/8/13,-2.3339256411595954,-0.8601322739978823,-0.07976535271465579
150,7/8/13,-1.2804864385948633,0.12332992313495161,-1.2850292278079323
151,8/8/13,-0.3346758770669922,-0.04109307639499349,-0.39484064448531697
152,9/8/13,-0.05853892382736703,-0.3293539411939328,0.5126554229476277
153,12/8/13,0.6738981574196501,0.08244023550179058,-0.19193877107452906
154,13/08/2013,-0.35495785726071816,-0.2888386575869095,-0.9210101334749865
155,14/08/2013,-0.4734681008691233,-0.5386381367660231,-0.8986751295035234
156,15/08/2013,-0.9321882817962646,-0.2912421447034852,-1.685715139058086
157,16/08/2013,-0.24249736353221252,-0.20855064910216825,-0.577638172904571
158,19/08/2013,-0.6006999149128056,-0.41841065225738383,0.2629781047831514
159,20/08/2013,0.17896368560803566,-0.5465643204825454,0.5308537502081379
160,21/08/2013,0.16241679711335166,-0.4648223032103438,-0.8816451314041629
161,22/08/2013,0.1783543237282359,0.7174540165214349,1.7970185193799892
162,23/08/2013,0.12411971049228754,0.0,0.09659502953462962
163,26/08/2013,-0.36740368842451687,-0.7174540165214349,-1.3189667452653708
164,27/08/2013,-1.0885053001561396,-1.8380513185815683,-1.862027978926406
165,28/08/2013,-0.3179010537546212,0.0862440760658778,0.23110711362193115
166,29/08/2013,0.2631580466055716,-0.3886854385974914,0.8487284839463705
167,30/08/2013,-0.2027897984697269,0.12972974792408998,-1.062032034673166
168,3/9/13,0.9229292794522337,-0.34632069246174346,2.745084437940548
169,4/9/13,-0.45221138785072057,0.47588236033719866,1.662018890525374
170,5/9/13,0.5554305434658957,-0.04316857394903728,0.15653182641033325
171,6/9/13,-0.6100514755645214,0.0,0.5966456102330042
172,9/9/13,1.05976372942429,0.9881927891293163,1.292897143608851
173,10/9/13,0.8719630877696005,2.031385975465083,0.21664148378937043
174,11/9/13,2.173417060256355,0.917437627604123,-0.239993448523812
175,12/9/13,0.015730278196190994,-1.0012599292429591,-0.2606584600299833
176,13/09/2013,0.7521581556000356,-0.2939326071714543,-0.3150175198003424
177,16/09/2013,0.5086640394719844,1.5025324406749974,-0.6262891169413365
178,17/09/2013,-0.5138679007382407,1.2760000251495374,2.7024652023603046
179,18/09/2013,1.1692409061249798,1.6629870161684046,2.5525367722233128
180,19/09/2013,-0.5311892018716513,-1.6220955823538663,0.008332078185357972
181,20/09/2013,-1.757954559560293,-1.8568720025864405,1.3622107522306415
182,23/09/2013,0.5091793235220798,1.1182555958135332,-1.5450381655630174
183,24/09/2013,-0.5354958056866366,0.16460909066688956,0.8439710087768226
184,25/09/2013,-0.26354643126875743,-0.3707522269531971,-0.4722590938821547
185,26/09/2013,0.3950596409969087,0.08250825550577545,1.7344348060275294
186,27/09/2013,-1.7500579222014423,-0.8281620831721792,-0.6654779788545007
187,30/09/2013,-0.935244681383729,-0.6675035214052105,-1.0721489460301825
188,1/10/13,0.6459329339121744,1.1652233377673404,2.623297807520064
189,2/10/13,-0.764796080775465,0.6597962080039821,-0.13718705929886
190,3/10/13,-0.596504111414653,-0.9498316298822029,-1.8103032885280257
191,4/10/13,0.13045441217274245,-0.20768439448390907,1.3506042680485386
192,7/10/13,-1.1417566877057084,-0.4584296421942913,-2.8647451127084445
193,8/10/13,-1.8241240359388122,-1.134227660393483,-2.217744054760118
194,9/10/13,1.4443145902870214,-0.4233706577852825,-1.6626592019489017
195,10/10/13,1.8848327143301091,2.844190043545236,2.301710408696689
196,11/10/13,0.7494710626974488,0.6166514915664223,1.8553828942808437
197,14/10/2013,0.43416571831462747,-0.08200082460310121,-0.060811886871636744
198,15/10/2013,-1.243187983270122,-0.7823799431189382,-1.3936443355029304
199,16/10/2013,1.1147426886506828,0.7003118219760296,1.3260257299226197
200,17/10/2013,-6.584965002143051,1.3050756195490898,0.09013940313957747
201,18/10/2013,-0.6023941798497745,3.4644117612526504,5.679494576595534
202,21/10/2013,-0.5308113086567978,2.282939154636221,-0.7601837724894978
203,22/10/2013,1.2132512332036605,-0.4601235111716395,1.8514019082760846
204,23/10/2013,0.4561791568278295,-1.2374481183185182,-1.754643808160239
205,24/10/2013,1.1483000854997094,0.9295186987123838,1.6553523370467893
206,25/10/2013,-0.5357350883221201,-0.23157092555980974,8.970939624279595
207,28/10/2013,0.28232654087245734,0.8081629515936939,-1.4496851282753909
208,29/10/2013,2.654057286127376,0.45889181866782813,1.2596259927141418
209,30/10/2013,-1.0876028781778402,0.6085983029880282,-0.4476561124591605
210,31/10/2013,-0.5231423329049356,-0.8760292169119666,0.8136769087755624
211,1/11/13,0.011153888775261578,1.5186320707985868,-1.3908294464616944
212,4/11/13,0.5785829770440287,-0.41533002878639813,-0.07301231128726826
213,5/11/13,-1.3515172392326136,-0.03784295220183864,0.042364332803312976
214,6/11/13,0.7506140790703775,1.8004987513613901,-0.7585314601392668
215,7/11/13,0.45101554778863573,-1.1215070820139506,-3.6074424074143074
216,8/11/13,-0.005550154018152398,1.6775789504837046,1.9456707857709254
217,11/11/13,1.5928850696471208,-0.1479837487966318,1.1545635080460137
218,12/11/13,0.10384479403358071,0.1479837487966318,-1.3774716936233666
219,13/11/2013,0.26184619560076783,0.36900410874536327,1.8959122610679557
220,14/11/2013,-0.7327186999328106,-0.5910619350030899,3.089176789484238
221,15/11/2013,0.5363942653851872,0.7750546272037973,0.48169842380989536
222,18/11/2013,0.696298303612064,0.07350239213685938,-0.8132281168095723
223,19/11/2013,0.421941554270866,-0.7004636934963671,-0.3392031967095477
224,20/11/2013,-0.03239391022828997,-0.25930742442499266,-0.651536982657408
225,21/11/2013,-0.5740295194785361,-0.1856321305291786,1.7362258791850493
226,22/11/2013,-1.5488912118322595,0.6297483305259366,0.9146995103372468
227,25/11/2013,-1.3102563641355758,-1.300891789324643,1.1563010045425592
228,26/11/2013,-0.915094105055303,0.1868810112199082,1.2480181872838614
229,27/11/2013,0.9318580960419709,0.18653241745059113,1.3904999764086767
230,29/11/2013,0.3959241306318084,-0.6356349686969853,1.771094463590206
231,2/12/13,-1.231950882492594,0.0,-0.335914917048008
232,3/12/13,-0.7919489292502746,-0.37579901423296924,-1.9667000497589626
233,4/12/13,-0.19327502482688885,0.30075210639552985,0.3373884015540618
234,5/12/13,0.19327502482688885,-0.7157687367879806,-0.3815956446091562
235,6/12/13,0.8989459829608748,1.835601267790965,0.6377756762929288
236,9/12/13,-0.11826092898976626,0.9237087662161247,-0.5337906400183279
237,10/12/13,-0.19178187975903427,-0.1840604237656418,0.748056334344227
238,11/12/13,-1.0899290458035615,-2.0849601121623706,-1.4520301350856357
239,12/12/13,-1.0500139504494577,-0.15060243810376406,-0.24625392303807558
240,13/12/2013,-0.32931826278410625,1.1240283199419387,0.7812003409545909
241,16/12/2013,2.880569825166468,0.5202538676128743,1.2234888490692875
242,17/12/2013,-1.1821183441034222,0.18515095087465738,-0.3399374953358958
243,18/12/2013,1.6589050984796572,1.3960550026338225,2.1210325928028517
244,19/12/2013,0.8469904641508208,-0.32888756121054463,-0.19465088866841285
245,20/12/2013,-0.11103709779511917,0.14630580517605019,1.758284029195778
246,23/12/2013,1.2201669669024362,0.14609206396749563,0.17885536914992173
247,24/12/2013,0.5417991089098351,0.7635012548038667,-0.9275486405893929
248,26/12/2013,1.1558366961660127,0.7936549595735976,1.2917214089681828
249,27/12/2013,-0.1457819509923297,0.0,-1.5726818586910163
250,30/12/2013,0.716038484235515,0.2153626101598416,-1.1902320204342232
251,31/12/2013,0.6203613504523808,0.5007163537299242,1.3684342837633423
252,2/1/14,-1.0935568346892133,-1.9089360504171093,-0.20583620644361034
253,3/1/14,0.5965033674388387,-0.07275373183772693,-0.38519200205282544
254,6/1/14,-0.3434953999972734,-0.8038041085761893,-0.7113323752773404
255,7/1/14,1.974996936328477,0.10999084518603652,1.1115997542431089
256,8/1/14,-0.9214267447982039,-0.293578192509214,0.9725709392187198
257,9/1/14,-0.31437351054623974,0.036744442816516454,-0.2266699131826755
258,10/1/14,-0.06406684139879104,-0.9597711179213597,-0.8389020758590604
259,13/01/2014,-1.6693027135481486,-0.856775589327885,-1.694093547120623
260,14/01/2014,0.9511528689973403,0.8938607000811061,1.663914975842573
261,15/01/2014,0.9741606510452527,1.3625694144165035,-0.42097085875605345
262,16/01/2014,0.5418233706860676,-0.5133857993852242,-0.017686662641391848
263,17/01/2014,0.7021330337202869,-2.305792001685214,0.9580038558723913
264,21/01/2014,-0.8771112153770133,-1.0970414543309381,1.844695699107568
265,22/01/2014,-3.33471611755245,-1.1476790088391198,-0.6185359608595675
266,23/01/2014,0.26302826277353475,-0.6562463234902172,-1.1611149560347478
267,24/01/2014,-1.7054805296965903,-3.427556322096903,-3.116558846763162
268,27/01/2014,-0.973330975910347,0.4798089972674724,-0.3411410717688135
269,28/01/2014,-0.5919566263850484,1.5436680959058258,2.0879164292655794
270,29/01/2014,-0.2547885313235909,-0.6699532447386858,-2.6278383028806473
271,30/01/2014,0.5427478424708809,0.8269391482506716,4.779812398531913
272,31/01/2014,-0.3841435179233521,-1.4616100608879634,-11.65028946482174
273,3/2/14,-2.1626795276478816,-3.1530502026901885,-3.5586327464843137
274,4/2/14,-0.03470237886107341,0.899433700448915,0.518664179579531
275,5/2/14,0.806740551301921,-0.20370754650773648,-0.43202830930360037
276,6/2/14,0.24647628635490193,1.7384711129516894,2.322365551525163
277,7/2/14,1.4662685971935652,0.9573268166991333,1.8137320282424874
278,10/2/14,-0.062078503079998626,-0.5573262833645121,-0.05817300611692389
279,11/2/14,1.4348413408076688,1.5055751903154668,0.25461779655886474
280,12/2/14,0.3000557816053906,-0.15741837174414464,-3.527596250260867
281,13/02/2014,0.8837827938720899,0.19673427553343892,2.2507878860793085
282,14/02/2014,1.0122374613684926,1.1723463696059255,0.041984465189237596
283,18/02/2014,-0.27256885606057324,-0.3502630551202035,-1.040802644430272
284,19/02/2014,-0.13109741321519763,-0.979439759228784,-1.7888413579587592
285,20/02/2014,0.7134857944430806,-1.1084832424492763,0.6942252370870428
286,21/02/2014,-0.800985118872255,-0.7191401348107362,-0.8728607157907575
287,24/02/2014,0.3604252580367451,1.3936120429983045,1.4373053365349442
288,25/02/2014,-0.1199956509207567,-0.07911392817709917,1.8420489602880785
289,26/02/2014,0.4519597118627594,0.1186474333371823,0.41218239161544545
290,27/02/2014,0.6552429151210681,0.7874056430905885,0.09167836531283058
291,28/02/2014,-0.05398985121969346,-0.11771631730148613,0.5455367011933276
292,3/3/14,-0.49265726400786747,-1.3836947391367538,-0.6427710853735391
293,4/3/14,1.1761722094894012,2.0879230016780603,1.1386343603496663
294,5/3/14,0.37475283432266693,1.0857027933794505,2.3008906480656677
295,6/3/14,0.2668233612490134,1.11218787849805,-0.056411428839364675
296,7/3/14,0.021309816272463422,-0.34383988030324275,-0.026873774045821364
297,10/3/14,-0.6897078879269714,-0.3450262192152831,-0.41207184718086154
298,11/3/14,0.19830638143663037,-0.5390848634876377,-0.4625665857562744
299,12/3/14,-0.2895546097694712,-0.5420067469338985,0.49225208282805966
300,13/03/2014,-1.2536693227488627,-1.6438726343159793,0.23445405243620598
301,14/03/2014,-0.9232154289379402,-0.9118001723499525,0.5984533124427038
302,17/03/2014,1.956472330114778,1.2663406264534771,0.34723718748752574
303,18/03/2014,0.5367411307807046,0.8613992182750163,0.9896420696295927
304,19/03/2014,-1.1304975822322483,-1.453000233812185,-1.4734255921071693
305,20/03/2014,1.712277146947283,-0.03956478785540618,-1.147953846521066
306,21/03/2014,-0.6567501155115174,0.5131252624388072,-2.28905675742066
307,24/03/2014,0.8428514635497208,0.03936233075818585,-2.4619795514462695
308,25/03/2014,3.543374778142372,1.1348194569101633,0.8095549195380691
309,26/03/2014,-1.2485278328708382,-0.31176954325857764,-3.2375457430645405
310,27/03/2014,-1.4590401330267788,0.7388717261934019,-1.4489606466173477
311,28/03/2014,0.32607581221624216,0.2708455902177498,-0.05319167846336015
312,31/03/2014,1.0654563352680668,0.038632413074646266,-0.5706695197515543
313,1/4/14,1.0387906781208045,-0.07727975655087427,1.9504412916447222
314,2/4/14,-0.4896286034844266,0.6549821142430634,-0.30075211517726075
315,3/4/14,-0.4453197085846128,0.7269976538414102,-2.4691121188936904
316,4/4/14,-0.478594265238641,-0.8038320794423015,-3.2350297503253245
317,7/4/14,1.4238248250160623,-0.6554872129921119,-1.6355910895557102
318,8/4/14,-0.6343385452659334,-0.38759738446931813,2.887783351380513
319,9/4/14,1.7183045734798341,0.773698250215249,1.4373170982580952
320,10/4/14,-0.4894024982705858,-1.4360813461200994,-4.5298731518100155
321,11/4/14,-0.2507177676498884,-0.5881216716668192,-1.7111224693677762
322,14/04/2014,1.313129617541442,1.095044184376981,1.331990228251545
323,15/04/2014,-0.3799492906400914,0.42693641406983396,0.05379515713519467
324,16/04/2014,-0.3151901423665393,1.1551918989733956,2.3760028059149008
325,17/04/2014,-3.307669527823709,1.670502020000253,0.37928783778147235
326,21/04/2014,1.1823984458614767,0.11288806466955847,1.8177328083626598
327,22/04/2014,-0.062436921606856544,-0.03761519698293192,-0.4695596190338769
328,23/04/2014,-0.21881326378769828,-0.6037754190920008,-1.4497944717136946
329,24/04/2014,-0.7906835276060065,0.15128595926303667,3.799589744151266
330,25/04/2014,-0.3106491901922581,0.5277057100844029,-10.40596039699615
331,28/04/2014,1.834050938645504,0.6744124475372981,-2.4151338721033255
332,29/04/2014,1.014818754303537,-0.07471050029987936,1.2731376948226902
333,30/04/2014,0.6946245816264351,0.48462350207456595,1.240690179940973
334,1/5/14,-1.5077208685811527,-0.44726127485121836,1.2287367228020152
335,2/5/14,-1.0858095612142016,-0.336763648483851,0.03896736405968326
336,5/5/14,-0.09407369635709983,-0.37551677623235413,0.66012600975629
337,6/5/14,-0.6451752203281202,-1.4781394765478684,-4.172276027394695
338,7/5/14,-0.38488962179892283,1.289850963002781,-1.5828458644615573
339,8/5/14,-0.20623470465155336,-0.3398153166162654,-1.5111314520804164
340,9/5/14,0.6174325005519066,-0.07567158893064807,1.3504339164918555
341,12/5/14,1.3014739746683546,1.6144521860694372,3.5695271241376503
342,13/05/2014,-0.19753098746502218,0.26036838216536573,0.5860164918678024
343,14/05/2014,-1.8220030946894283,-0.5961269516499446,-2.331327942672612
344,15/05/2014,-1.2047642600067299,-0.5997019472374188,-0.8198288188122405
345,16/05/2014,0.32126285070530614,0.26281224062691955,0.8467084798811975
346,19/05/2014,-0.032080415181834354,-0.22522532043249832,-0.31794190650993315
347,20/05/2014,-1.134756321232544,-1.1718145805879043,1.483441229588589
348,21/05/2014,0.8080199101450525,0.7198364100259536,1.2603300897608527
349,22/05/2014,-0.38165446336284603,0.07547170169557305,-0.03279446460400237
350,23/05/2014,0.1399332917628726,0.0,2.375543975076422
351,27/05/2014,-0.6258112785112679,0.22607394707878647,-0.4558092185285467
352,28/05/2014,-0.9242712457157687,0.33815549788407395,-0.21257052977539104
353,29/05/2014,0.37072881765922716,0.2996256923234242,1.160381004213562
354,30/05/2014,0.3259863890273884,0.18681118827204024,-0.39276790218689683
355,2/6/14,0.7188248760196636,0.1491980881015209,-1.1941080942325044
356,3/6/14,-0.7134008530205627,-0.1491980881015209,-0.5356894780262245
357,4/6/14,0.07590002738862012,-0.8998935868569369,-0.1335570340390113
358,5/6/14,0.793553269386571,0.8252109844313349,5.32846264262874
359,6/6/14,0.20948040425228243,1.5199551190736127,1.8676679714054956
360,9/6/14,-0.08051746321902087,0.952039413468686,-0.6604129384998991
361,10/6/14,-1.0418220878743334,-0.10938925429897495,1.4881091689325388
362,11/6/14,-1.1131178692872723,-0.9530863934750222,0.8358251676231276
363,12/6/14,-0.5667608094852561,-0.702276033583793,-2.810612880912444
364,13/06/2014,0.7367123319850677,0.29629651306568583,0.11039591587618247
365,16/06/2014,-0.11509140194840839,-0.816937332123091,0.4129171385985231
366,17/06/2014,-0.04937878929762718,0.18625447738673806,-0.612334287311711
367,18/06/2014,0.7325348451314717,0.07440476533737694,2.65470135061312
368,19/06/2014,-0.4257415728337932,0.14864365427338377,-2.2317899912246197
369,20/06/2014,-0.6971019063937156,0.14842303281312752,-0.8599530750521112
370,23/06/2014,0.3244524279327976,-1.0810916104215806,0.9333175940152927
371,24/06/2014,-0.6941794169958548,-0.37551677623235413,-0.9456595026566816
372,25/06/2014,-0.08849558099663923,-0.6037754190920008,1.0067611123829145
373,26/06/2014,-0.1938575477639759,-0.4932660352389373,-0.5358823474322705
374,27/06/2014,0.7401768011600751,0.531108987440776,-0.34447485322388616
375,30/06/2014,-0.2424432218881556,-0.5691534999787695,0.06467698593555227
376,1/7/14,2.763904711290177,0.45558165358605685,2.316097834109243
377,2/7/14,1.088760258955368,0.7923074837327349,0.13829597122416715
378,3/7/14,0.07428632412089797,0.9351106105493834,1.3849838237668166
379,7/7/14,-0.26024924427376916,-0.4103717753076275,-1.1749057152932174
380,8/7/14,-0.43702570321553225,-1.4307472976820002,-2.963582514708296
381,9/7/14,0.6389117676922851,-0.18978939080791513,1.884481720920661
382,10/7/14,-0.38285700280589197,-0.45696956900651564,-0.6232034545811338
383,11/7/14,0.15970192374865633,1.3270336920896852,5.424696493582193
384,14/07/2014,0.9844995623703667,0.41345670626147246,2.600214841799886
385,15/07/2014,-0.7241950317476764,-0.1877229760964827,-0.24797408660433007
386,16/07/2014,2.0323608273286276,1.5290247542454782,0.4110685239265166
387,17/07/2014,0.06756398678309239,-1.5290247542454782,-0.9729618762850833
388,18/07/2014,0.005189745054590134,-0.5652926302788241,1.7454718864762242
389,21/07/2014,-0.8608322139431301,-1.8307147444356353,0.3062305738482429
390,22/07/2014,1.683413742422779,0.15384618419060914,0.2997476529677634
391,23/07/2014,-0.23728474973285785,-0.4236478510340813,-0.7510647457783293
392,24/07/2014,0.8280500722650963,0.11571843142794691,0.13114197903227875
393,25/07/2014,-0.43117816519497865,-0.5799358995044468,-10.14610087441623
394,28/07/2014,0.7073739247275945,-0.7785169721556073,-1.1172984683396336
395,29/07/2014,-0.619953295461606,-0.5485907175165838,-0.128042989964694
396,30/07/2014,-0.2933887815339986,0.7437889055937674,0.7813178720052605
397,31/07/2014,-1.2083015780966377,-1.9295735506721368,-2.9962965315740497
398,1/8/14,-1.323484507141881,0.7920833491444235,-1.9128040967331117
399,4/8/14,0.2587239822974041,-0.3160808637089563,2.1234514429327334
400,5/8/14,-1.3484251306520534,-0.9942416361337525,-0.42493474169100764
401,6/8/14,-0.6057916345458381,1.6647233433156217,0.5014302676189075
402,7/8/14,-0.9020505706160087,0.2355713692459016,-0.7803794111322482
403,8/8/14,1.2563182519260252,0.6254907023110157,1.7031784566576391
404,11/8/14,0.4490785414061449,0.5053460705763069,0.4817920765053607
405,12/8/14,-0.06936848281151597,-0.7003919681819681,0.3105216954478962
406,13/08/2014,0.3250822229202477,0.8553706896315294,2.1562142338233947
407,14/08/2014,-0.03725088513926167,0.1933862524950758,2.101698340365399
408,15/08/2014,-0.2664820635752463,-0.9316837580230608,0.12597026628267116
409,18/08/2014,1.051132468268623,1.6631595892941053,0.26939671465200377
410,19/08/2014,0.3742512769211892,-0.07674597460343158,0.17919546054860902
411,20/08/2014,0.01578241233346489,1.1829941434930547,0.19376673573852088
412,21/08/2014,0.5926589976607666,0.26520189818910467,-0.858400042766938
413,22/08/2014,-0.4297250088393767,-1.0650538105265728,-0.39729171896087934
414,25/08/2014,0.393113172346915,0.19102202561191994,0.7301575494170542
415,26/08/2014,0.952765219721563,-0.7278331306491026,2.311266671651957
416,27/08/2014,-0.3841817521419877,0.46030000719610165,0.39415535165838733
417,28/08/2014,-0.13012363579720798,-0.46030000719610165,-0.9250651718700098
418,29/08/2014,0.15612805669524832,-0.11540682181068185,-0.28862859845144584
419,2/9/14,-0.3855577120325471,-0.5016410288015027,0.9803107331599392
420,3/9/14,0.2033845972397863,0.38610086574593083,-0.9921123966182499
421,4/9/14,-0.6638343554067561,0.03852822239918119,2.029417747028095
422,5/9/14,0.2723422724561608,0.5378422492758439,0.12421534501658726
423,8/9/14,-0.5559357686416355,-0.07665772701956897,-1.1732043033378936
424,9/9/14,-0.07891511000872597,-0.6925768352960215,-3.746960367009411
425,10/9/14,0.8125120054258694,0.19286409064056542,0.47800357968714735
426,11/9/14,0.09393624063749328,0.26938634724618105,-0.24476858166675441
427,12/9/14,-0.22976511413608236,-0.5781476886421721,0.20250872409368625
428,15/09/2014,0.27669755835271204,0.19308752861362244,-2.2288245969663834
429,16/09/2014,0.5977666629434886,1.1126145851241276,1.18776808998442
430,17/09/2014,-0.08295831865865466,0.22865863621333027,-1.1538147956415834
431,18/09/2014,0.49152860570114143,-0.22865863621333027,0.30816665374082675
432,19/09/2014,0.1289490829871731,0.3047621406474743,1.9259523582626947
433,22/09/2014,-0.4598184330694366,-0.8019901683337771,-2.079916976821927
434,23/09/2014,-0.7745730509906679,-0.23032639740927507,-0.2684648211105589
435,24/09/2014,0.3594409100029061,-0.3464873533786328,1.4052729016556853
436,25/09/2014,-1.730878251714607,-1.4763282900859487,-1.9319517405104847
437,26/09/2014,0.5539940977558722,0.3126223726266364,0.3968136278221124
438,29/09/2014,-0.2212273749251814,-0.8227274614671654,-0.43098217184383003
439,30/09/2014,0.10013967685331693,0.7837030707280146,0.1924658311126315
440,1/10/14,-1.4111640011645221,-1.8117864636348457,-1.5565277771337094
441,2/10/14,-0.13900772127186656,-0.15910902322420206,0.2988065868150258
442,3/10/14,0.9372239645434988,1.1084832424492763,1.3507154016298095
443,6/10/14,0.19591227562720803,-0.7111843487717096,-0.16745127490152
444,7/10/14,-1.7772208927437028,-1.6390532833063798,-1.6333789827485568
445,8/10/14,1.9463594153371844,1.7579358017659086,1.7884418094438637
446,9/10/14,-1.5647772572717322,-1.878927952037257,-2.297657735280101
447,10/10/14,-0.26319876247233864,-2.0795856462486384,-1.2700374733210396
448,13/10/2014,-1.3046551627226677,-1.327269588158586,-1.5991535396946865
449,14/10/2014,0.15245565405255235,0.6243516639685254,0.6051127741599771
450,15/10/2014,-1.1216093507957936,0.7441125694688022,-0.7618712374554804
451,16/10/2014,-1.056454970830245,-0.12363488078053209,-1.0216438420584062
452,17/10/2014,1.221380791611626,2.323316239296913,0.25722025723515785
453,20/10/2014,-7.379105958030419,0.8425325667221539,0.8428286343885816
454,21/10/2014,-3.533006587519427,1.6640637552848947,2.934856936437402
455,22/10/2014,-0.8861112957217365,-1.026865263201282,-0.751233848936117
456,23/10/2014,0.24076316477987803,0.987564810740249,0.06707338855749256
457,24/10/2014,-0.06167273561521469,0.7830893580548004,-8.708682004354351
458,27/10/2014,-0.1296496554504145,-0.46911735758801143,1.008621621028194
459,28/10/2014,1.0630941347470113,1.4008011156110722,1.919588964897656
460,29/10/2014,-0.08561120283108181,-0.8537110445209439,-0.49855116744712547
461,30/10/2014,0.5429987690954263,0.038963569555861,1.6689845811688642
462,31/10/2014,0.030406083884493285,0.5439018847473331,2.1141111265079005
463,3/11/14,-0.024327777961818953,-0.42710218293482427,0.08508459698948201
464,4/11/14,-1.0458552577559566,0.0,-0.9564104257631101
465,5/11/14,-0.5115923260899713,0.46583935173223345,-2.09909100530723
466,6/11/14,-0.2227172275038214,2.069832421581008,0.04046800244053017
467,7/11/14,0.37709064700486294,0.189501667473424,1.0796349629474733
468,10/11/14,0.8723485181379331,0.22692899299689984,1.735666883154341
469,11/11/14,-0.11628875767204505,-0.34058689498412953,2.2362936078752504
470,12/11/14,-0.8486613877318305,0.5293018028493357,-0.1603798085500152
471,13/11/2014,0.5358579092480831,-0.377786622348264,1.582860748926418
472,14/11/2014,0.8380596790822814,0.15128595926303667,3.520462773383848
473,17/11/2014,0.0,0.5652926302788241,-1.465762871654519
474,18/11/2014,-1.3924469728990196,1.4920082814926516,0.5802664690682136
475,19/11/2014,-0.2845542030332382,-0.33376630279970954,0.4942739582241451
476,20/11/2014,-0.490571371971793,-0.26036838216536573,1.21752276440672
477,21/11/2014,0.17415105782232487,0.5200606075039804,0.630305016154864
478,24/11/2014,0.7614424000445652,0.037043897441568774,0.9008425667942355
479,25/11/2014,-0.24080776298536222,-0.5198674909237422,-0.17892292663415077
480,26/11/2014,0.11739521651588092,0.03722315323080316,-0.4397189167371529
481,28/11/2014,0.1357522113944576,-1.4243119343421373,1.5084857380569971
482,1/12/14,-0.389243962130692,-1.7901830199618995,-3.8040244375844523
483,2/12/14,0.6970880668386137,0.11522951150166882,0.09504684071606206
484,3/12/14,1.1308534583861274,1.258837908979249,-3.0524608189637092
485,4/12/14,-0.28608839551127474,-1.105404814053168,0.1357656166697474
486,5/12/14,-0.47659872690370975,-0.30710196880767704,-1.366051507848276
487,8/12/14,-0.8673508070517144,-1.237926833876779,-1.9345928988615313
488,9/12/14,0.6957146517440727,-0.4291014971095741,1.8930015492625962
489,10/12/14,-1.5332726961286625,-1.219287475059394,-2.154237978829965
490,11/12/14,0.3482931563683067,0.552487593196993,0.49575770969507715
491,12/12/14,-3.596538566511853,-2.0676680952572024,-0.013008394630098508
492,15/12/2014,-1.5043728140500257,-1.2126260151399393,-0.4075715905387689
493,16/12/2014,-1.0838612361493638,-0.4074985264024722,-3.663514114399824
494,17/12/2014,0.3428433615606963,0.6917626772121821,1.2863429551057237
495,18/12/2014,3.7147776788990505,1.9277705425903235,-0.3855085918630152
496,19/12/2014,0.5250020297418168,1.8913093306486939,0.7261983288667118
497,22/12/2014,1.8315936883002593,0.35067248092097714,2.18992327824159
498,23/12/2014,0.494322543459802,0.6590448354901746,-0.08322441498229693
499,24/12/2014,-0.2592113863147283,-0.1933862524950758,-1.0684230533905215
500,26/12/2014,0.3208233156279938,-0.19376095967076346,1.980068611588326
501,29/12/2014,-1.1336717709319544,-0.3108005609867348,0.9498920142199552
502,30/12/2014,-0.2869917207838135,-0.5071202598078806,-0.5591877539829149
503,31/12/2014,0.24337744859801447,-1.1801867902992758,0.016118585388991136
504,2/1/15,1.0046596130727004,-0.8344971932180645,-0.5914086428357557
505,5/1/15,-1.5860083540219172,-1.852650652960497,-2.073068003028933
506,6/1/15,-2.1801864864086973,-2.1780191143336403,-2.3098000448456446
507,7/1/15,-0.6557043081815372,0.04153686456396244,1.0543965547850753
508,8/1/15,2.150208848967594,1.1971247196494783,0.681267662988283
509,9/1/15,0.4346052883631657,-1.4049817888737604,-1.1818213242247744
510,12/1/15,-1.6923237032451688,-0.2082900149009248,-1.8765176847531428
511,13/01/2015,0.23623315056262584,-0.5016732929598255,1.136236759471121
512,14/01/2015,-0.6461747956292285,-0.33585254071342163,-0.4999925553669904
513,15/01/2015,-0.7926000576815362,-0.8445996153410906,-2.17856328995909
514,16/01/2015,1.6489994887843196,0.042399831035888624,1.312134319953806
515,20/01/2015,-0.12098444597130609,1.0961323914766563,-0.44813409562012296
516,21/01/2015,-3.145483240368474,0.7934892332656762,2.662551392390622
517,22/01/2015,2.1465634914364706,0.9933856524290352,4.303051978562067
518,23/01/2015,0.30842407023170537,0.8203491452828171,0.6648383864670038
519,26/01/2015,0.3138714423794653,0.44833985839756174,-0.8777517832490922
520,27/01/2015,-1.7353594857513421,-0.8576732174975898,-0.9441837797670161
521,28/01/2015,-1.3891842563428902,-2.2398281855976254,-0.9301478648609418
522,29/01/2015,2.5601502480210314,1.0016778243471247,2.5566205942123332
523,30/01/2015,-1.4055090661659442,-0.7921659102902101,12.84951577411828
524,2/2/15,0.8767143858526616,1.3305809612249142,2.765127490904362
525,3/2/15,2.433614177382726,1.0682106504612765,-0.2527431945228642
526,4/2/15,-0.9574241427166008,-1.274950438796596,0.3295375813363144
527,5/2/15,0.6034190951001328,1.3974744484067436,2.474947584933407
528,6/2/15,-0.7564476842266465,0.08159935173290833,0.10425171554828694
529,9/2/15,-0.620861596872313,0.48820275973082694,-0.9988805463136963
530,10/2/15,1.7880912914115754,0.3241493924170946,0.6549639783657746
531,11/2/15,-0.22730152481242882,0.20206109117784088,0.5734301560676336
532,12/2/15,0.2020712988680451,0.4832872878232308,0.5396724416657506
533,13/02/2015,1.1789864766038605,1.0391780166247422,1.2279416479793248
534,17/02/2015,0.34853159503365205,0.07949126014765717,-1.6903448104498509
535,18/02/2015,0.7612538460988638,0.31733465741443645,-0.550212399682426
536,19/02/2015,1.0426983576137694,-0.9550410831840939,1.4953127299228264
537,20/02/2015,-0.14655312345670524,0.7964996310300343,1.2233731324926111
538,23/02/2015,-0.4532038763090718,-0.15879320526037688,-0.9217111479403073
539,24/02/2015,1.1716738665186632,0.8702586569362403,-0.4085806903296074
540,25/02/2015,-1.2330762999841482,2.027359885743163,1.7750086421045808
541,26/02/2015,-1.1987291341206685,-0.07722008105721656,-0.14802189425129342
542,27/02/2015,0.6629310855752024,0.3855054889952303,-1.2131476069799696
543,2/3/15,-0.9056572044342737,0.4606534057638889,1.4350970685552689
544,3/3/15,0.3421358816279252,-0.9621009367326128,-0.27133795634428637
545,4/3/15,-1.0048454030127552,-0.7764014156220966,-0.4926156534123649
546,5/3/15,1.0979461854148553,0.6216026231006033,1.326342217339782
547,6/3/15,-1.6767097536591002,-1.5613119657188257,-2.015900671257853
548,9/3/15,1.4220178857534016,0.8617366291161055,-0.40334859930091227
549,10/3/15,-1.8582994414827247,-1.8500822905244796,-2.419675010565303
550,11/3/15,-0.6420669843734572,0.07942812172943015,-0.853407896581615
551,12/3/15,0.7497334819966284,0.8302083659971871,2.125352439649486
552,13/03/2015,-2.3699309396246093,-1.427462779259292,-0.9827957245506447
553,16/03/2015,1.798609636978199,1.624119676463387,0.7447025396687401
554,17/03/2015,-0.07641701822587166,-0.551616843949887,-0.38375399963967993
555,18/03/2015,1.7994550069467152,1.2954057495436544,0.8607183573196231
556,19/03/2015,0.0,-1.2164168038885315,-0.5064370269619367
557,20/03/2015,1.902812376513996,0.2759710010906691,1.3968008455040426
558,23/03/2015,1.0686798297772526,0.27521149668747746,-0.8970336397362999
559,24/03/2015,-0.9950330853167877,-0.7883367591262846,-0.27228794548967983
560,25/03/2015,-2.3588927396479775,-1.4348592126013582,-0.8402197050068949
561,26/03/2015,0.8693259663116848,-0.4425676103152476,-0.9779113837838693
562,27/03/2015,-0.11838999851265797,0.24164329116285188,0.8700275656293499
563,30/03/2015,1.405297569008912,1.0404255517432848,1.0816719567606548
564,31/03/2015,-1.3429666208291557,-1.241754389628813,-0.6669432285109522
565,1/4/15,-0.8258368014331552,0.12084593615679928,-0.49707047814209204
566,2/4/15,0.794679300012735,0.4017683186612775,0.5373714118467099
567,6/4/15,0.9860789065464282,0.9577088364310704,1.2785637573741404
568,7/4/15,0.018524575042988545,-0.6374523577436175,-0.6999855489403295
569,8/4/15,-0.13583602139046747,-0.03997601492371494,1.797274436453833
570,9/4/15,0.30228591751741973,2.8381881404124787,0.6119745905274421
571,10/4/15,0.3198034705955699,10.259727663092777,-0.23232367958820888
572,13/04/2015,-0.2951668604684876,-3.135276398925546,-0.07581600801893629
573,14/04/2015,-0.049279291375547984,0.3612720692361737,0.7166434756139317
574,15/04/2015,1.1212322223299154,-0.9784459287861758,-0.43197215084500584
575,16/04/2015,-0.6111367795632816,-0.657656736456369,0.6731756653099552
576,17/04/2015,-1.519485689296829,-0.110031186600823,-2.7522771552639824
577,20/04/2015,3.359860751261401,-0.847618857720045,3.6471319205117148
578,21/04/2015,-1.1500702134907392,-1.4914519565087048,0.42782219502282004
579,22/04/2015,0.6674437940563216,1.0835151771849016,-0.35340251264139866
580,23/04/2015,2.9084349520366537,-0.22321437839409874,0.04873107083529504
581,24/04/2015,-0.2705783584057819,-0.18639334380625705,13.217792636103809
582,27/04/2015,0.557987997331999,0.29806281381374866,-1.4802365934193595
583,28/04/2015,1.8512062089757642,0.8888947417246218,-2.131736386126981
584,29/04/2015,0.2756030762528283,-0.11068069751911658,0.013974938300087558
585,30/04/2015,-1.7993486006059989,-0.03692080529296149,-1.783516699258847
586,1/5/15,1.3798978629655068,0.8457487441539513,0.25809521223445486
587,4/5/15,0.17259237974363018,-0.14657386281164975,0.040195765572992315
588,5/5/15,-0.5128955199775298,-1.2917692080969712,-0.4382722574119313
589,6/5/15,-1.7661403903479034,-0.4094552528659534,-0.4974459495894479
590,7/5/15,0.5512622290247293,0.8542298926895509,1.8393364495524978
591,8/5/15,0.9834979033237268,1.176484157958635,1.5827049875332122
592,11/5/15,-0.9075048002538999,-1.6212587977822324,-0.19387223980622537
593,12/5/15,-0.3336555909495331,0.40778555118290427,-0.4236801225827591
594,13/05/2015,1.009255132125464,0.6637192506798506,-0.9674952312936469
595,14/05/2015,1.0221554071538463,0.7323357519539719,1.2594009209254686
596,15/05/2015,-0.45493155121816287,-0.5120713457197557,-1.463418016559359
597,18/05/2015,-0.11549435666733388,0.14657386281164975,-0.1785654365098921
598,19/05/2015,0.24239637885719034,0.14635933823767822,-0.8335841605465966
599,20/05/2015,0.16126602277592994,1.0547470031478934,0.5085338136925799
600,21/05/2015,-0.24199954887258457,0.2890175422233021,1.8165551337071761
601,22/05/2015,-0.6482254438179069,-0.14440435722335998,-0.9310404055814736
602,26/05/2015,-1.2209878573973043,-0.579711768432567,-0.5063895477070979
603,27/05/2015,1.0931626119406346,0.0,1.3887676505921043
604,28/05/2015,-0.16874112500167016,0.39891258701820753,-1.1305613226634925
605,29/05/2015,-1.2069633278085412,-1.311494207782804,0.6216425575846785
606,1/6/15,0.31192093747476335,0.03666361177643296,0.39295521371043307
607,2/6/15,-0.31192093747476335,0.18311669647150808,0.016238354388242726
608,3/6/15,0.1590305768223388,0.7291319214539627,1.2909674817307426
609,4/6/15,-0.9104408144056109,-0.9855892886129425,-1.3397020644135615
610,5/6/15,-0.583723159130134,0.10999084518603652,-0.8930585173648531
611,8/6/15,-1.23821384936873,-0.18338534389354955,-0.8113419683451362
612,9/6/15,0.2054196905482364,0.32985186586649284,0.4664452794221674
613,10/6/15,1.9367073335731178,1.091713899534863,1.235631487381994
614,11/6/15,-0.08291383359226856,-0.4352563998841763,0.5094159777422114
615,12/6/15,-1.0662101461655027,-0.4371591661496588,-0.706927341025132
616,15/06/2015,-0.4381222311983457,-0.6593430479831852,-1.4644294213039366
617,16/06/2015,0.3482501372563007,0.036744442816516454,0.8437876712758197
618,17/06/2015,0.19759893857944633,0.18351996341769983,0.12864211571335105
619,18/06/2015,0.6439709810297956,0.3660326195090935,2.6708252359403772
620,19/06/2015,-0.7516978256671969,-0.4761041771276453,-1.0225295021295544
621,22/06/2015,0.4421553438498371,0.6586192852856776,0.3145053655980057
622,23/06/2015,0.5292118787866507,0.47298614647552917,2.19893250437444
623,24/06/2015,-0.983350693366436,-1.0582109330536937,-1.1614509998665312
624,25/06/2015,-0.5344555583342014,-0.8103175093623349,-0.16800012841873269
625,26/06/2015,-0.37400657779205204,0.18474049222403366,-0.45547788934632294
626,29/06/2015,-1.5163399411705747,-1.67508104248153,-1.8987666629949551
627,30/06/2015,-0.19040020492679943,-0.26310859004663456,0.9792334857688267
628,1/7/15,1.118770613940523,0.33815549788407395,0.7573382602239498
629,2/7/15,0.3640940861742159,0.4491025512463942,0.07312993126742384
630,6/7/15,-0.2183009780885925,-1.7706245210825422,-0.38225625945100816
631,7/7/15,0.16377039416894945,0.6062921186808623,0.15582522796693254
632,8/7/15,-1.1214159451222727,-2.215522247556345,-1.6204943420503604
633,9/7/15,0.4220121726895343,0.5008679320912979,1.0855457064717022
634,10/7/15,1.874293021341078,0.9562130613089082,2.0777600839441135
635,13/07/2015,1.4450345103789175,0.7584412541561392,2.6829032163952604
636,14/07/2015,-0.4556355703563497,0.7152298511552857,2.171307870958028
637,15/07/2015,-0.04745803019607919,0.41175427816986243,-0.9452377238072351
638,16/07/2015,1.45497810147317,1.0035393642501944,3.0514735551184557
639,17/07/2015,0.879159133533669,0.7369230106548219,1.5712536931698828
640,20/07/2015,0.41073150649015844,-0.3677826874588508,1.0482945305205327
641,21/07/2015,-6.038284510635616,-1.0742833451849343,-0.020491752755891213
642,22/07/2015,-1.6820629293801126,-0.8227421129032741,0.05531052058316277
643,23/07/2015,0.856928962894532,-1.3991530951190878,-1.2551043476968893
644,24/07/2015,-1.2318184874042792,-1.9612241764904947,9.34645623375081
645,27/07/2015,-0.426567348197171,0.773698250215249,0.3751764991580586
646,28/07/2015,0.6141846640200121,0.5763704716750251,-1.0175492548279763
647,29/07/2015,0.6476948594001719,0.6111554546002207,0.5630129495480141
648,30/07/2015,-0.08072659712645702,-0.5345564466419539,1.4562654004757647
649,31/07/2015,0.637871762564135,-0.0765990079582668,-0.1137075893909767
650,3/8/15,-2.0455966136783132,-0.8851318130710162,-0.2091133807295975
651,4/8/15,-0.7018459651914277,0.11589725075542567,-0.586733681252749
652,5/8/15,0.19016170548189493,0.7692345623155905,0.9561195581710535
653,6/8/15,-1.0056605664560792,-0.2685595322173828,-1.4159077933812547
654,7/8/15,-0.7706241331415065,-0.9262899113220424,-1.3003034455470797
655,10/8/15,1.0453168578633765,1.7298144182634534,0.26370617792910167
656,11/8/15,-0.7942205584332562,-2.040494279808991,0.6581386687666502
657,12/8/15,0.41711487360851507,0.5817352065913273,-0.29430326163080167
658,13/08/2015,-0.7004430301721598,-0.27105534504578976,0.7105196224474142
659,14/08/2015,0.43754653045011693,1.1181917165198563,0.35056294359900875
660,17/08/2015,0.3589057239817173,0.4972280276863028,0.6936957218997009
661,18/08/2015,-0.19211712466784547,-0.5355789389904775,-0.03736545152390747
662,19/08/2015,-1.3357127554529669,-1.3127601651757637,-0.39328851936968334
663,20/08/2015,-0.8349689735847043,-2.121053592913391,-3.2690905421991268
664,21/08/2015,-2.5274071726814284,-2.410723413641769,-4.219389425925346
665,24/08/2015,-3.68132005332118,-2.971741587736254,-6.49606108655485
666,25/08/2015,-1.764972098032036,-2.5457463036538286,0.6453439481388656
667,26/08/2015,3.9913452018957685,3.1305432918961706,7.116758337144002
668,27/08/2015,1.2464529770278787,4.080533465636593,3.4542379124179234
669,28/08/2015,-0.3777085421809545,0.5979686942712004,-0.06947065960458687
670,31/08/2015,-0.06083753187269281,-1.3605652055778794,-0.9933149672550989
671,1/9/15,-3.5864463774897715,-3.8608491252059896,-3.2397352397419255
672,2/9/15,1.6474220163632758,2.84848980086867,2.782449208770199
673,3/9/15,1.1856356549503566,-0.24449889930666657,-1.1484736352271874
674,4/9/15,-2.1207074031937445,-2.102736719207554,-1.1397724311035695
675,8/9/15,2.426819679233816,3.922071315328113,3.648068244255853
676,9/9/15,-1.491747930990428,-1.6562689260697372,-0.12566729345069305
677,10/9/15,0.7897036748265585,0.5281344796657539,1.0297127927832328
678,11/9/15,0.7970883909493409,1.0880623160340441,1.3692610985899023
679,14/09/2015,-1.174001647747147,-0.724057869625927,-1.5340701675803814
680,15/09/2015,1.2825130181775002,2.1171152232206225,0.18970065569092753
681,16/09/2015,0.594716897825176,2.4596203817098594,0.9564182705855018
682,17/09/2015,-0.18209413225838134,-2.2621869513380854,2.153402267433613
683,18/09/2015,-2.480913247427008,-2.193507686625562,0.25761692397940905
684,21/09/2015,1.3540260255381575,1.162570720739442,1.4936207217645325
685,22/09/2015,-1.409400849087472,0.07968127911626155,-1.8384915414418224
686,23/09/2015,-0.534549522872485,0.11940299926078701,-0.4337047264660221
687,24/09/2015,0.5207079491818867,-0.919087388801243,-0.43372036701248007
688,25/09/2015,0.6969631083436845,0.040136464516349335,-1.7958894760805144
689,28/09/2015,-2.014376648427607,-2.478290559122076,-3.927336117721847
690,29/09/2015,-0.03508895084944896,1.0638398205056188,-1.5978242646944807
691,30/09/2015,1.73953732336658,2.611114400368564,3.1392711784864247
692,1/10/15,-0.9564808156520499,-0.11902401722547751,1.7102633908863574
693,2/10/15,0.6870971265865222,1.1054198626846645,2.2445562925844875
694,5/10/15,3.0381671625097972,5.164658886216689,2.0702845512955648
695,6/10/15,-0.17459544340532318,1.7372456866714625,-1.1469307293872966
696,7/10/15,0.8766409405027709,1.743596659846114,0.826378140829398
697,8/10/15,1.4485817346073127,0.9319063857988752,-1.6333783737287
698,9/10/15,0.07220927874724836,0.14260251970941162,1.2377171590996383
699,12/10/15,-0.8236464709195701,0.07122507423611424,1.9064991057763159
700,13/10/2015,-1.0107813148314548,-0.7862799622295302,-0.23473611239355208
701,14/10/2015,0.2603145434314946,-0.9735068770752253,-0.7442455885137811
702,15/10/2015,0.0533222289649693,1.5459592453592297,3.181060561540061
703,16/10/2015,0.19968057752981494,3.333057171583942,1.4684361860258122
704,19/10/2015,-0.7810192900153723,0.034500604102793986,0.41786738730236195
705,20/10/2015,-5.9218293106501285,-0.7270241474342409,-2.1640518557184407
706,21/10/2015,0.19889195361706413,0.24292914948866873,-0.9152403311420088
707,22/10/2015,2.224575087180547,2.4988464328544957,1.4540035509341465
708,23/10/2015,0.40862336209981365,-0.23692683278051518,6.04171193180969
709,26/10/2015,-0.7074941319185513,0.1354554897258886,1.586592163573286
710,27/10/2015,-4.121071918914954,-0.3050332817622792,0.393568996565552
711,28/10/2015,2.131481175245309,-0.23789306036583469,0.9917710901243382
712,29/10/2015,-0.1990191857418111,-0.170270771599057,1.5197510733512942
713,30/10/2015,-0.3349609374944329,-1.4418375424271712,-0.10379177662338535
714,2/11/15,0.20681055686377903,1.6461277054072188,0.3906658347117009
715,3/11/15,1.0699836359187032,0.644179206748241,-0.48497774626978796
716,4/11/15,-0.17636066791162364,-0.16911893088846774,2.4703939590923873
717,5/11/15,-1.2361623737965566,0.33795233246523004,2.2675674121527933
718,6/11/15,-1.1792759085895277,0.9402352678390624,0.5657693215779247
719,9/11/15,-2.14951981268916,-0.5698021114637797,-0.5901801395796547
720,10/11/15,0.11817713170927391,1.2360270940054097,0.6371821498230013
721,11/11/15,-0.3327297978921173,1.8095575194467362,2.0361877891982516
722,12/11/15,-1.4773155894418188,-1.6768434986405012,-1.142787223278674
723,13/11/2015,-0.9743572297834291,0.3970885429492643,-3.555556411697669
724,16/11/2015,1.476716299382197,0.2638523958181427,0.8464148139366579
725,17/11/2015,0.08223376666203208,-0.1318391753258208,-0.6986280609202922
726,18/11/2015,1.483486523058808,0.6574645642085208,3.097794530185194
727,19/11/2015,0.675083230463347,-0.8225083382629172,-0.3426849467320636
728,20/11/2015,1.2788940010257654,1.2801750410040835,1.0799355682474143
729,23/11/2015,-0.02887781544913537,-0.2285715280855971,1.5644770792873075
730,24/11/2015,0.1010611432970876,0.2285715280855971,-1.1613696448744548
731,25/11/2015,-0.4338473748667582,-0.9832920916238663,0.6223623448931903
732,27/11/2015,0.3327862315696706,0.0,-0.3084712424241687
733,30/11/2015,0.6909412585351049,-1.3930573535946955,-1.2645371258812155
734,1/12/15,1.325277679739667,0.7652674179487562,2.122326039860223
735,2/12/15,-1.1246470592733537,-0.6651171842398274,-0.4501605272083431
736,3/12/15,-0.5599038387043009,0.20000006666673897,-1.454290814558501
737,4/12/15,1.081084489435824,1.5201879004924201,0.9545307635271172
738,7/12/15,-0.6286112787900144,-0.3943481942505933,-0.4186304410518815
739,8/12/15,-1.080702160616731,-0.594453533891004,1.1134649581208578
740,9/12/15,-1.0485787476767428,0.9231849278870552,-1.8687457060528878
741,10/12/15,0.12436447705539422,0.5890069384602459,-0.37223332964941847
742,11/12/15,-1.6289211605735154,-1.2805954022010457,-3.4046282794126803
743,14/12/2015,1.0055389715661889,0.0,2.736554312102779
744,15/12/2015,1.3590740651724609,0.1980852413961287,0.11090199170782356
745,16/12/2015,1.0827304475673039,2.153427421455145,2.5675692885837265
746,17/12/2015,-1.8403577605184296,-1.397714937111827,-0.7605389888894365
747,18/12/2015,-1.3620752217367027,-0.8877257048356402,-0.9754435487260515
748,21/12/2015,0.44379512350323225,0.3955179842928036,0.05569563150489287
749,22/12/2015,1.7774597267126602,0.2956152587987315,-0.2048702898251875
750,23/12/2015,0.4412782826254791,1.497423813044163,0.0829016119476833
751,24/12/2015,-0.2095380010692871,-0.3884757232545777,-0.13720874633520452
752,28/12/2015,-0.464004312525379,0.22679420056403998,1.8550790336598233
753,29/12/2015,1.5646160771792594,1.222273177341071,2.7419730585046764
754,30/12/2015,-0.3152768447010068,-0.7380107297622285,-0.7085811795134234
755,31/12/2015,-1.2420725827639423,0.3215436853974296,-1.9312521177949904
756,4/1/16,-1.2209092695854018,-1.4225910780731432,-5.927641454115751
757,5/1/16,-0.07357615955259078,0.09764036577188939,-0.5036303434725831
758,6/1/16,-0.5018163987217328,-1.6068553633599159,-0.18002594799240157
759,7/1/16,-1.7237303258641035,-4.323537269559141,-3.9841185362295306
760,8/1/16,-0.9300985799779227,-1.811265120891914,-0.14650493691572564
761,11/1/16,1.2082001534804654,0.45590119293814624,1.745649725455234
762,12/1/16,-0.2480067497468319,0.2097169590723258,0.024282350013660192
763,13/01/2016,-1.3102698647598388,-1.4064929467403342,-6.016653032105079
764,14/01/2016,1.3178015606187365,2.862324551709561,1.9050465047211418
765,15/01/2016,-2.190701437001241,-1.980950963232031,-3.9242316084767914
766,19/01/2016,-1.487592319488673,0.0,0.7513166075010957
767,20/01/2016,-5.001642504799353,-1.7348638334612865,-0.4728401394207715
768,21/01/2016,0.857953540654055,2.085249615901663,0.5668009988782252
769,22/01/2016,-0.3341350242107133,-1.2317593709179064,3.647319020516804
770,25/01/2016,-0.34344624486353226,-0.7107350458651851,0.02515361544759287
771,26/01/2016,0.4168886570756314,0.9583036957418578,0.7881237477783465
772,27/01/2016,-1.3385541675679846,-1.1010588948604294,-3.0223506434840175
773,28/01/2016,1.0362787035546717,0.7472014838701302,8.53886816867
774,29/01/2016,2.080962505299322,3.1061649163541816,-7.915117684373385
775,1/2/16,0.03204871431963241,-1.5933832085002209,-2.098526841895687
776,2/2/16,-1.5256380184095697,-1.4064929467403342,-4.031039834446304
777,3/2/16,1.4374793270657271,1.5111867270237056,-3.8835294939214116
778,4/2/16,2.322091893797218,1.7632263199361287,0.9725278609210797
779,5/2/16,0.7181437187303352,-2.21769310459492,-6.576008642494369
780,8/2/16,-1.2443987132492396,-1.304903016040937,-2.8338726929023395
781,9/2/16,-2.3183671287523744,0.38972591400909806,-1.2430970915059625
782,10/2/16,-3.177209849008289,0.07069636208196783,1.7295171376976448
783,11/2/16,-1.9661194582557329,-3.0495636693652184,2.6834557429261885
784,12/2/16,2.670844009796003,2.908120930084168,0.644968107788646
785,16/02/2016,1.3947227480850977,2.1009176089343384,2.7273161185047634
786,17/02/2016,2.7006946009922927,1.6495219369110803,2.46411263647337
787,18/02/2016,4.912997274720432,-0.890112004951682,-1.7184787307929383
788,19/02/2016,0.47452354321979584,-0.20654052092767827,1.868158833574629
789,22/02/2016,0.5171456157218479,1.334950510986177,4.496367682460978
790,23/02/2016,-1.029433933329038,-0.6481346243350394,-1.1794031211938005
791,24/02/2016,0.3016669068129474,-0.8937838805037401,0.19873536683787663
792,25/02/2016,1.2719961999559715,0.9280011605638627,0.20015333181531147
793,26/02/2016,-1.853502955078401,0.5799095221481476,0.014402276722957907
794,29/02/2016,-0.7602864874615811,-0.8882873577577222,-0.4892738264260288
795,1/3/16,2.51708842708247,2.5077559497557633,4.688185724596039
796,2/3/16,1.4261149815168572,0.999009307508647,0.2018616169605636
797,3/3/16,1.0945019877071083,0.13245035048905507,-0.46990325327174176
798,4/3/16,0.0,0.791039062242227,-0.40776021031216914
799,7/3/16,1.6909847679113632,-0.5596722427869683,-2.168919933733715
800,8/3/16,-0.7735730861920587,-0.7622240714317385,-0.45233279268597215
801,9/3/16,0.9589238729799554,-0.03327233436118959,-0.14111261557880894
802,10/3/16,-0.1568068746106377,-0.3667281989734317,-0.09656295802402681
803,11/3/16,1.536041526154719,1.3271594928903951,1.89276747585172
804,14/03/2016,0.29459234323230277,-0.23098508867591683,0.6579334015262006
805,15/03/2016,0.12599567264919287,0.033030553562074516,0.6345730030465013
806,16/03/2016,1.2719406926978039,-0.36393753982779664,-0.4777258787170169
807,17/03/2016,1.5420242870884948,2.584799555055639,-2.616342043050679
808,18/03/2016,0.03400537325823905,-0.1292825002304987,-1.3243283856632537
809,21/03/2016,1.0415351829551334,0.5483000351441003,0.3435549371225477
810,22/03/2016,-0.3572207365107438,-0.09654063501214338,1.1664974855271737
811,23/03/2016,-1.8399292472070172,0.032190568441503586,1.619350348467652
812,24/03/2016,1.7385882522592766,0.12865875045897646,2.3114409283277126
813,28/03/2016,0.3036884501614878,1.214072420338752,-0.5297496046659411
814,29/03/2016,0.6247358721344298,-0.03176115637306687,2.383964402188976
815,30/03/2016,-0.617990816145042,1.1056817744798941,0.8100350426963665
816,31/03/2016,2.0276823565518853,-0.12574663712903167,-0.8470843062780453
817,1/4/16,0.7040197516117175,0.4394231803979576,0.8153433125183795
818,4/4/16,-0.29547280778077223,-2.2166835431703724,-0.8911772597179457
819,5/4/16,-1.3705712815299975,-0.8037336306264464,-1.1956066447171843
820,6/4/16,0.013332444523506126,-0.25856510850230663,2.683167410962728
821,7/4/16,-1.1868580663655592,-0.8776263059015577,-1.7847043751408442
822,8/4/16,0.7392573741094033,0.5210041091725071,0.5345560616043521
823,11/4/16,-0.06698593462175495,-0.2601627483678204,0.22343167947358467
824,12/4/16,0.25428279226167305,0.32509781558456297,1.207585382809917
825,13/04/2016,1.0636276567320913,0.5502522380146146,1.9130510753830876
826,14/04/2016,-0.046297828136054875,0.1290322759670115,0.9598866083671886
827,15/04/2016,0.36978383394092873,0.03223207118963067,0.824622839886402
828,18/04/2016,0.5324581191143984,0.09663392602519139,1.5001343884690321
829,19/04/2016,-5.754799843584113,0.28934275129213205,-1.1795046699561773
830,20/04/2016,1.4546463107992125,0.0,0.8073658460773459
831,21/04/2016,2.1597941861151604,-0.5472410244739656,-0.3148745891829563
832,22/04/2016,-0.5372746302390041,-0.7126690351279219,-1.678025789655102
833,25/04/2016,0.2085366199204408,-0.260416813838793,0.9144220216982468
834,26/04/2016,0.18127501690985426,0.7145207404644083,-1.4995309336939044
835,27/04/2016,0.9280654159729451,0.09704027932788684,-1.68543609912426
836,28/04/2016,-2.285499686373438,-0.09704027932788684,-0.756270922464175
837,29/04/2016,-0.7713153569578246,-0.4866189651172803,9.13610300410408
838,2/5/16,-0.46014984526818736,0.45425126779634617,3.6120090731518673
839,3/5/16,-0.7878409789780605,-0.8452586085806235,-1.8492627745375856
840,4/5/16,0.08322352931973143,-1.845192384424621,-0.06258139564607745
841,5/5/16,1.5272723942007183,-0.6004020704591273,-1.7759983123187162
842,6/5/16,0.5582735277961604,0.7665426635846462,2.229579776581758
843,9/5/16,0.03394766464897003,-0.8334770703674277,0.8569144490405911
844,10/5/16,1.7692432838921412,2.0216098590426945,3.373139082180021
845,11/5/16,-0.6824594934297323,-0.46037568980592525,1.4347446665681218
846,12/5/16,-0.07387756808698853,-0.8274083278432709,0.6568136330261432
847,13/05/2016,-0.7553313494058855,-1.506809021406763,-1.1219797871912185
848,16/05/2016,1.1710275425312666,1.0738358221132671,0.10418140378947172
849,17/05/2016,-0.9816591645560813,-0.8379469174502496,-2.1893785399471177
850,18/05/2016,-0.4469432509447202,-0.33715473610160807,0.31305527793552557
851,19/05/2016,-1.6492043019072256,-0.8478938367185496,0.15329988274190853
852,20/05/2016,1.5881024296100499,0.6788892333686292,0.610850238053473
853,23/05/2016,-0.32650869085886214,-0.23708732528162635,-0.8645675722085855
854,24/05/2016,1.04379421307641,1.2133617011426345,1.0635754559405797
855,25/05/2016,2.2534286849709595,0.8008050803342659,0.5875872669266258
856,26/05/2016,0.49321114020788315,-0.23290644366378288,0.9218325091266522
857,27/05/2016,0.26205465730395616,0.3325576726377122,-0.3741699456791814
858,31/05/2016,0.5871306387165376,0.3645405859673989,1.4703776640831556
859,1/6/16,-0.8032826867244935,-0.397746629772433,-0.4645564259775803
860,2/6/16,0.6470464928631792,-0.19946815124258777,1.215751885903682
861,3/6/16,-0.39818584547290925,-0.3667281989734317,-0.3714472836498395
862,6/6/16,-0.10470519901684128,0.5994023940210536,0.16388141311312054
863,7/6/16,0.39208048659435946,0.06637902666564166,-0.41227937110299706
864,8/6/16,0.43601409653319934,0.5624497871362433,0.3998984907031655
865,9/6/16,-0.37733438824796295,-0.23121397583794057,0.13890078891458657
866,10/6/16,-0.6867485049886213,-0.6635724415398503,-1.3476019630977554
867,13/06/2016,-0.7179349131061663,-0.7015228369276816,-0.37260344884186836
868,14/06/2016,-0.14553154649004085,2.024293446682801,0.5660366245225035
869,15/06/2016,-0.2518792427271599,0.4915625169326976,-0.7031447257493717
870,16/06/2016,0.2518792427271599,0.16331867095784602,0.4539843042558722
871,17/06/2016,0.6137686116868046,-0.13063359140552677,-1.561939169532689
872,20/06/2016,1.0602127758884805,0.7488232939723893,1.0729474788509386
873,21/06/2016,0.28603022816229284,0.3561603246860834,0.2531770828005264
874,22/06/2016,-0.7362316214465814,-0.5184716734186967,-0.7319097235462202
875,23/06/2016,1.5765791381618044,1.3232402208978922,1.6026308334756045
876,24/06/2016,-5.804112590788968,-4.49182212831194,-3.2542419172672865
877,27/06/2016,-2.130453910226393,-1.6909432318141793,-1.0932886884400972
878,28/06/2016,1.5214678001482795,2.092550197303167,2.3712826136891962
879,29/06/2016,1.8765915846451264,2.016930662612193,1.0747839829718053
880,30/06/2016,2.2116474928156826,2.9987737931598257,0.002797613264426957
881,1/7/16,0.3748467094281338,0.03176115637306687,1.3959832707877595
882,5/7/16,-0.4407598491608766,-0.1271051966483583,0.3329241405400474
883,6/7/16,0.4538800902824214,0.917873195181329,1.2976842145001832
884,7/7/16,0.15084108998904,0.25173078113778224,-0.14109269865620888
885,8/7/16,1.211504350164283,1.1871429640721853,1.2466586984965389
886,11/7/16,0.5616658117019391,0.03105107927448003,1.0629711968475952
887,12/7/16,1.0948600290343613,0.15511093539553045,-0.7416874078281843
888,13/07/2016,0.6221121004426955,0.30950194932279906,-0.7485774439016879
889,14/07/2016,1.4200678473357264,0.8309018414938585,-0.19274316236534972
890,15/07/2016,-0.31244167140478396,0.7632459582749718,-0.7801548347340592
891,18/07/2016,0.05005631439765068,0.09119927672696093,0.08562769321480701
892,19/07/2016,-0.17530683177380268,0.06075334330244431,0.5257393374636266
893,20/07/2016,1.109252976582198,-0.4565523072589617,0.7767524535399417
894,21/07/2016,-0.5655526090090568,-0.5813080466213094,-0.17313429612562103
895,22/07/2016,1.0046034815894167,-1.6396345668063361,0.05774563956286727
896,25/07/2016,0.35721890658892974,-1.318700428195374,-0.7073261109064255
897,26/07/2016,-0.32637896775415953,-0.5387431823137945,-0.5450067646393997
898,27/07/2016,-0.17904002313136047,-0.6055795399205088,0.14670644945331546
899,28/07/2016,-0.2846536575533243,-0.09595394946995128,2.1407148483631566
900,29/07/2016,-0.4658538192945372,-0.35262097765582645,0.8204264622474255
901,1/8/16,0.5154170443968376,0.03210788276097887,1.1699704460359506
902,2/8/16,-0.5403236447746096,-0.3215436853974296,-0.9369794723674829
903,3/8/16,0.05603112987051517,0.2573176074028627,-0.7840498820971931
904,4/8/16,0.5462120215264044,0.1284109325728977,0.809027697326048
905,5/8/16,1.199829806680075,0.3522821897864681,0.6824929062601903
906,8/8/16,-0.8969833715977593,-0.03197442073603618,0.07569395060009754
907,9/8/16,-0.16675832797279355,0.09589260763576135,0.2280324403129086
908,10/8/16,0.19144671587705275,-0.09589260763576135,0.03253365635416117
909,11/8/16,0.8906419243926322,0.0639386211040982,0.3480962103579621
910,12/8/16,-0.9708814126961229,-0.15992327093057312,0.17100794535993558
911,15/08/2016,-0.0432325609673434,0.0,-0.5282138138947623
912,16/08/2016,-0.7316047264198211,-0.16017943517732114,-0.5807419879420017
913,17/08/2016,-0.1619231841614166,0.32010270610789426,0.07719390542337834
914,18/08/2016,0.5717852744104412,0.4464293128685348,-0.02223283109259455
915,19/08/2016,-0.82141721413036,-0.5743474627065481,-0.9397047544458026
916,22/08/2016,-0.02499062708265498,0.22374949401915423,0.28612814022626054
917,23/08/2016,0.16236187174936134,-0.287769982761521,0.39029834352284354
918,24/08/2016,-0.7578815756167145,-0.03202562077011528,-0.6843495769288666
919,25/08/2016,-0.264417177478915,-0.03203588045979089,0.2598101046642043
920,26/08/2016,-0.19560819628416937,0.06406150122990617,1.2799418551655783
921,29/08/2016,0.8803917737498779,0.41540241872199957,0.29734422958602735
922,30/08/2016,-0.2005578574165945,0.03188267203797501,-0.48216771885902787
923,31/08/2016,-0.32675033239923934,-0.41526972311016763,0.2056236665882949
924,1/9/16,0.4145411505913188,-0.12812301560485295,0.18964143786979193
925,2/9/16,0.006274092147684485,0.2880462865354261,0.23589501950294078
926,6/9/16,0.5001635778488556,-0.7699749301302905,2.1047205892037013
927,7/9/16,0.8012651707531404,0.03220093410529756,-0.5580489336233896
928,8/9/16,-1.6467437990041134,-0.06441224055229178,-0.05355043739934118
929,9/9/16,-2.1037351518648606,-3.0419352821375423,-3.0982908036846446
930,12/9/16,1.6561879820876868,1.2541418506520685,1.4821056996992432
931,13/09/2016,-1.5791414293196304,-2.1213921161552296,-1.3677185474231912
932,14/09/2016,-1.1360091186586097,-0.5037794029957077,0.01051442059925023
933,15/09/2016,1.039691648856511,0.1682086182984932,1.1236180654798922
934,16/09/2016,-1.1761040250718224,-0.2355713692459016,1.1406870683104309
935,19/09/2016,0.6672954047559188,-0.8458856053798591,-0.44026795798011165
936,20/09/2016,-0.27156359634927796,0.8121872057349488,0.6583865261666766
937,21/09/2016,0.6968219691877664,0.6048405535880264,1.2127871958738545
938,22/09/2016,0.37222479121066243,0.6344987057322893,1.8765784874330116
939,23/09/2016,-0.7264810632770846,-0.5005850600087403,0.13039711164690715
940,26/09/2016,-0.6473352485900641,-1.1778699192612763,-0.8212382203216073
941,27/09/2016,1.7957039230536154,1.1444083161382679,2.0987999054861817
942,28/09/2016,0.9648967442020151,0.06691201320241369,1.5333168002246822
943,29/09/2016,-0.1137737200405553,-1.2451784640809205,0.03981493359432875
944,30/09/2016,0.4669430345940029,0.3043113083821325,0.9913917404286821
945,3/10/16,-0.7836796480544805,0.06749915882333646,-0.06809952216881854
946,4/10/16,-0.7323177016417048,-0.47345370821116894,-0.32439681632343564
947,5/10/16,0.3954779538776876,0.0,1.2309523189832028
948,6/10/16,-0.12740478217185824,-0.782716264197969,-0.3202835520525582
949,7/10/16,-0.7742799840332992,-0.6512448038475949,-0.26530184119080147
950,10/10/16,0.8634803722351592,-0.7594099319593983,0.2712482463556931
951,11/10/16,-1.4303890787981999,0.20768439448390907,-1.2805765770254496
952,12/10/16,-0.32354113402091045,-0.06918021721773471,0.37115513174423853
953,13/10/2016,-0.37011179452752785,-0.45084175549297,-0.578345555553561
954,14/10/2016,0.4737653667947761,0.4162336914687259,-0.7650269492063266
955,17/10/2016,0.20697245600773684,-0.13855215240354823,-1.2238001782848507
956,18/10/2016,-2.6516333096615163,0.4495943938427782,0.5764777296299428
957,19/10/2016,0.3576333488497063,0.2756721249600691,0.004889503041471954
958,20/10/2016,0.17174851212180542,0.03440564286476544,-0.9054047949812905
959,21/10/2016,-1.25520492424398,-0.31007776782483454,1.0642617836810864
960,24/10/2016,0.6262578553913656,-0.20725396019725117,2.305366752281035
961,25/10/2016,0.20566601359055525,-0.9379954129815182,-0.34782705709304196
962,26/10/2016,0.6144920059476533,0.7649550514094994,-1.5189322892139145
963,27/10/2016,1.0093216825938,-0.8347874564819779,-0.5155610247832065
964,28/10/2016,-0.4837308267778617,2.0398287212529453,-5.273750617114814
965,31/10/2016,0.7051939116437644,-0.411523214510634,1.7240264862675048
966,1/11/16,-0.5873222503909759,-0.7588860152821564,-0.5599247827675846
967,2/11/16,-0.5512844752509238,-1.359616551480869,-2.559824406204303
968,3/11/16,0.27602541184617024,-0.7398307481444544,0.19183609733159912
969,4/11/16,0.03936351886002498,0.5641763906667929,-1.5741994165546558
970,7/11/16,2.1354114072391184,3.013214978776091,3.8810570114198306
971,8/11/16,-0.35382326468624825,0.3745960450490582,0.3586251545543817
972,9/11/16,-0.23227315430185413,0.7112646412182233,-2.0351683109228524
973,10/11/16,3.434931223459703,2.598414010379946,-3.896785607421638
974,11/11/16,0.6532108205453468,0.9816832763457572,-0.4549775265945577
975,14/11/2016,-1.915665132432398,-0.653383572415267,-2.7352741858132745
976,15/11/2016,0.2903246077897492,0.7835495523948577,3.3060269580088786
977,16/11/2016,0.38998037819668596,-0.03252561420770128,0.4363213736255922
978,17/11/2016,0.31966558042091364,0.162522382595931,1.318815557913311
979,18/11/2016,0.36853160171128607,-0.390498381024873,0.4958534747895982
980,21/11/2016,1.472981205411994,0.6499860387907841,2.576502171040307
981,22/11/2016,-0.06145526250449507,0.999202511556252,0.6810117395549931
982,23/11/2016,-0.4250737957518069,0.5118373298244272,-0.6656283074810254
983,25/11/2016,0.7135857051590477,0.3185730633131101,0.03204121809678995
984,28/11/2016,0.8423415489788866,-0.6061591378595299,-1.7581253326437007
985,29/11/2016,-0.6035683617923837,-0.6420567802922772,-0.5558148984312616
986,30/11/2016,-0.8043021102100312,-0.9383663742044579,-1.5795832674790233
987,1/12/16,-1.4905194125492294,2.0274226216419056,-0.9262410266826393
988,2/12/16,0.12505629052714795,-0.15941339259875065,-0.44609402725601655
989,5/12/16,-0.11254925217345502,-0.7365926018329194,2.536637941799569
990,6/12/16,0.3185673602497552,0.1926782869699828,0.7033754447046903
991,7/12/16,2.7312886836601713,1.3701026813620842,0.7426080201597962
992,8/12/16,0.34530400341701295,-0.22176470358967748,-0.4018812107024594
993,9/12/16,0.6990506953261644,0.7897687551600363,0.17317174474023034
994,12/12/16,-0.6144227509657263,0.2514143373332445,-1.1172384514280154
995,13/12/2016,1.6717427486625525,-0.3773589383639475,1.8534776811359066
996,14/12/2016,0.13064135650466824,-0.7590169266675773,-0.7154207471702811
997,15/12/2016,-0.2912015932088785,-0.764822083825667,-1.0223527031127055
998,16/12/2016,-0.7707282364333601,1.5553400345370338,-0.4253421949458769
999,19/12/2016,-0.029999101331679157,0.5340047242907264,1.080223382836376
1000,20/12/2016,0.5504501154801389,1.0285270660173484,0.6791467930026052
1001,21/12/2016,-0.16123372073693076,-0.3727870114014209,-0.08042314323626343
1002,22/12/2016,-0.1614881178721994,-0.9695150218126614,-0.5543431599371651
1003,23/12/2016,-0.20971933834186274,0.1883831012373438,-0.7531487303209516
1004,27/12/2016,0.2575948628948055,0.06271558687847012,1.411258436534002
1005,28/12/2016,-0.5700072433858061,-0.6289328907564062,0.09458579295049674
1006,29/12/2016,0.2464077617317706,0.03154076670210948,-0.9081010454807803
1007,30/12/2016,-0.36681839340300115,-0.3474967957389552,-2.0172061002646124
1008,3/1/17,0.72032844268346,0.2844053109963163,0.505472171196164
1009,4/1/17,1.2305044911699703,0.031550718040529446,0.4646412793512411
1010,5/1/17,-0.33139456093316255,-0.569441589355657,3.026969653900391
1011,6/1/17,0.490791275793967,0.28512612378479574,1.9715921170885942
1012,9/1/17,-1.1151489045702512,-0.4756628597394563,0.11676618555718221
1013,10/1/17,-1.2786379826871475,-0.28648754275448773,-0.12806973034118485
1014,11/1/17,1.3382742414503213,0.3182688873728523,0.3912426832182625
1015,12/1/17,0.11915402065101333,-0.25453402224528965,1.813201825196309
1016,13/01/2017,-0.3638645190848777,-0.09561753716553767,0.4292431021991838
1017,17/01/2017,0.3281332180853802,-0.2874024012457177,-0.9121979203194464
1018,18/01/2017,-0.6513513123659997,-0.12800001747628187,-0.2770209623720099
1019,19/01/2017,0.00599502413178854,-0.06406150122990617,0.19300726534465795
1020,20/01/2017,2.2173068698690734,-2.2028749535901504,-0.08779191472569892
1021,23/01/2017,0.2810470846944746,-2.588067475514766,1.1745210848852494
1022,24/01/2017,2.807661518142801,0.8368249670516636,0.5559905075547711
1023,25/01/2017,1.349578706525456,1.225789739550187,1.6974921544480104
1024,26/01/2017,0.20731763154104854,-0.16477182834861992,0.313904539294807
1025,27/01/2017,-0.7641345193530213,-1.0276901321895515,-0.4036019042668926
1026,30/01/2017,-0.8496227829086322,-0.16675008032569494,-0.6470052201999366
1027,31/01/2017,-0.7307636995667721,-0.8716112840364776,-0.8344188889225279
1028,1/2/17,-0.13188270974584526,-0.033675703298552406,1.0713762957730744
1029,2/2/17,0.16625681492534738,-0.033687047648855994,0.9089376750027078
1030,3/2/17,0.7077711992177882,0.0673627509474084,-3.606123505047165
1031,6/2/17,0.02274226514744626,-0.1347709098868055,-0.31647160472942915
1032,7/2/17,1.4676318556113621,-0.337724062978495,0.5999487139964899
1033,8/2/17,-1.2915104567920999,-0.440753383461967,0.8834729364764371
1034,9/2/17,0.5886088478427531,0.5421904166737157,0.2010847247123415
1035,10/2/17,0.8260914100467254,0.4383753437439797,0.7399301068873321
1036,13/02/2017,0.37985188059064257,1.070960704637569,1.0901627479440457
1037,14/02/2017,0.4283853111616942,0.7957601673314052,-0.016739592685688365
1038,15/02/2017,0.8568030320002862,0.23090889362595846,0.7516011207689743
1039,16/02/2017,-0.13769934910756731,0.32894766503983597,0.17073348186258386
1040,17/02/2017,-0.4197686478558005,-0.2630715098248526,0.11011065325838842
1041,21/02/2017,-0.22719651329978774,0.4926927358599009,1.3364786774840098
1042,22/02/2017,0.49251644853764986,-0.6244884715766563,-0.09696096140601185
1043,23/02/2017,0.2756341478073132,-1.0273495495173979,-0.4005146494615808
1044,24/02/2017,-0.16527827453876043,0.5646917513431493,-0.8188907794533407
1045,27/02/2017,-1.0811026987566308,-0.8315364727264907,0.40144810331801395
1046,28/02/2017,0.23385122844583606,-0.43514713015024853,-0.42511400535598654
1047,1/3/17,1.1775517890376896,1.2666836028767392,0.9469413326463894
1048,2/3/17,-0.7834955109601971,0.0,-0.4900214888223786
1049,3/3/17,-0.266237885368259,-0.23213407870543712,0.11420247618101342
1050,6/3/17,0.23299688783220418,-0.399202126953746,-0.3855034888491815
1051,7/3/17,-0.049882223564434724,-0.4677589551111083,-0.06971045301176204
1052,8/3/17,-0.51691191439458,-0.20113985996856876,0.52813882070879
1053,9/3/17,-1.2730509049510452,-0.4709056801572853,0.2935135655762977
1054,10/3/17,0.3661929211463466,2.0688091859462077,-0.06332367944272832
1055,13/03/2017,-0.7733759291545184,-1.3967636458203536,0.24955461680002955
1056,14/03/2017,-0.4202459356445587,-1.077451500781068,-0.24134225215428629
1057,15/03/2017,0.05120473471196263,0.7419932861657319,0.051590736998807785
1058,16/03/2017,0.8100936297261718,-0.033607797325219124,0.05274409995594809
1059,17/03/2017,-0.9011480971523156,0.4360228272977551,-0.13014722959567848
1060,20/03/2017,0.028467341261428913,-0.46964192326073295,0.5452566726394714
1061,21/03/2017,-1.0412589072459788,-1.1838460601182987,-1.619868749701503
1062,22/03/2017,0.5162634078806683,0.4752215325005249,0.5747198359207673
1063,23/03/2017,0.022889015463523066,0.3043113083821325,-0.08021516968597098
1064,24/03/2017,-0.5679120220584366,0.33704110099055384,-0.2090987726286464
1065,27/03/2017,-0.03452243992860815,-0.9465925988882518,0.1429920535767515
1066,28/03/2017,0.4249403553308717,0.6095514978976979,1.078220702323307
1067,29/03/2017,-0.3271577125852687,0.20236094595271759,2.117607666413601
1068,30/03/2017,-0.046003451070042445,0.6381213928838836,0.23077249155507573
1069,31/03/2017,0.16091957495509845,-0.2346238716659954,1.1572045478681403
1070,3/4/17,0.20651682420123052,0.26809667532576853,0.5590442307013888
1071,4/4/17,0.011460661292694851,0.4674465940699424,1.7038358003950371
1072,5/4/17,-0.9441636056777725,-0.16669448767441253,0.2698087030873708
1073,6/4/17,-0.24903728157807947,-0.1335559463964131,-1.2171253434448914
1074,7/4/17,-0.17992401615218867,0.20026708963101214,-0.37922260342213576
1075,10/4/17,-0.5475635513686683,0.06666666913579533,1.3496897452971446
1076,11/4/17,-0.3628068816677654,0.09991674436582443,-0.5172986088077813
1077,12/4/17,0.046887821747532143,-0.9028651868248971,-0.6816488291261358
1078,13/04/2017,-0.6643370798577131,-0.7079078947684003,-1.2982382639751933
1079,17/04/2017,0.9218337033638058,0.270270434788511,1.9388750932911591
1080,18/04/2017,-0.6155727890295282,0.6724974907674319,0.1982578696627435
1081,19/04/2017,-5.041158970148185,0.5347606326595145,-0.5080510876274147
1082,20/04/2017,0.3765552768822289,0.8959741371471708,0.3175546436926524
1083,21/04/2017,-1.1900475141662703,-2.407337918151997,-0.39209086616329714
1084,24/04/2017,0.2304363738846682,0.0,0.9834226570417215
1085,25/04/2017,-0.22420137684422414,-0.33898337545115176,0.023143419602877913
1086,26/04/2017,-0.20596044103866618,-0.6472514505617255,0.1838264403467349
1087,27/04/2017,0.1623135332847525,-0.6170742926659756,0.9947195119065277
1088,28/04/2017,-0.018726802088409045,-0.3099709731754441,0.7171667507554602
1089,1/5/17,-0.9087205987812652,-0.1726221730226296,2.4814151938087115
1090,2/5/17,0.16355919342396774,0.1726221730226296,-0.1361334564004224
1091,3/5/17,-0.2958551776926832,0.824463618959026,-0.626068127149626
1092,4/5/17,0.264417177478915,-0.10268698489186434,-0.3726262603284347
1093,5/5/17,-2.5470972648695245,0.06846970483174175,-0.3611743015867752
1094,8/5/17,-1.3113664943513292,-0.5146691751768628,1.5813879963236133
1095,9/5/17,-0.6030037279292522,-0.482759558274104,0.397509280109265
1096,10/5/17,-0.5669846412700963,-0.7981996222468091,-0.40698983591216376
1097,11/5/17,-0.39748977136673247,0.5905870909268085,-0.14025427071100438
1098,12/5/17,-0.18602756630548,-2.1001821969344636,1.4384947800486714
1099,15/05/2017,0.7552639835268771,-0.3188665234964638,-0.35220948900445137
1100,16/05/2017,1.4220890020525623,-0.4980444304144793,0.8419874782254588
1101,17/05/2017,-1.8056366474568541,-2.2724151851694963,-2.230536813740347
1102,18/05/2017,-0.09942661318991242,0.2550557039453949,1.4428181460943712
1103,19/05/2017,0.7927112458083307,2.0530164614557034,0.1407516129972919
1104,22/05/2017,0.43332744583377547,0.4623874501828773,1.1219898944188067
1105,23/05/2017,-0.40043379072320917,0.3542334557837812,0.08958867229678091
1106,24/05/2017,0.31522323058750246,-1.6040265490572914,0.90272095334063
1107,25/05/2017,0.4514155207870907,-1.2292273360644757,1.3203639233039688
1108,26/05/2017,-0.4645171601501019,-0.14561342216148354,0.24131101856434967
1109,30/05/2017,-0.49964601678400555,-0.32840752011900065,0.09234522272825174
1110,31/05/2017,0.5914066389880901,0.07307271059531217,-0.20890773416892827
1111,1/6/17,0.02620373418205091,1.23413544613995,0.13363108971171656
1112,2/6/17,-0.4069315145477148,0.5755411570620872,1.0765648200846023
1113,5/6/17,0.23648437743846173,0.3580383345012095,0.456877907727371
1114,6/6/17,-0.026248441649467935,-0.17885892802498304,-0.828070487813104
1115,7/6/17,-0.9164395769785116,-0.8991249207616736,0.7024136302751671
1116,8/6/17,0.7390887299986382,-0.3256742520274081,0.01979963745544211
1117,9/6/17,1.3063542207529366,1.260596559962135,-3.214632741475132
1118,12/6/17,0.6983861805513136,3.5165367374522027,-1.379179157457333
1119,13/06/2017,-0.6011006239010186,-1.707656063099794,1.632354732976271
1120,14/06/2017,-0.2856588321778375,0.8400469420933643,-0.4414351823991858
1121,15/06/2017,0.2662079941095463,0.8676091210064296,-1.2676390288231865
1122,16/06/2017,0.7493575117460516,0.20711087831362107,2.4121545775971143
1123,19/06/2017,-0.3481403812827466,-0.6920442844573937,0.752440409552424
1124,20/06/2017,0.07101585243098896,-2.35387646401346,-0.25958379640833584
1125,21/06/2017,-0.7514513805660705,-1.2520285175567913,0.9665057492120432
1126,22/06/2017,0.39586023957376426,-0.8313801727274139,-0.09283515402485065
1127,23/06/2017,-0.18799396765478704,0.07256894367819733,0.24338678817645842
1128,26/06/2017,0.7241254891065196,0.14498009063577122,-0.9771226999831129
1129,27/06/2017,-0.30969764736461514,-1.4593473146908398,-1.7455587329110678
1130,28/06/2017,0.36766576819680097,-0.47891047510808527,1.3776762834480927
1131,29/06/2017,-0.769116708804507,-0.22181155120213347,-1.4647388831159347
1132,30/06/2017,-0.19483055909681468,-0.0370164727528266,-0.8158765006307966
1133,3/7/17,1.1311972210967802,1.6159000151015235,-1.4924904939503492
1134,5/7/17,-1.2352622711387262,-0.3649639087549339,1.8431168163411726
1135,6/7/17,-0.8561304456837782,-3.8767433815789065,-0.646517160285498
1136,7/7/17,0.3799546005676113,-0.6099904541269296,1.4013295685863625
1137,10/7/17,0.3133570915070827,-0.4215373170563641,1.7932529141114095
1138,11/7/17,-0.15002775065449114,1.2972329948800265,-0.23510209113588587
1139,12/7/17,0.3323669519945227,0.7552905995930725,1.2376207572334152
1140,13/07/2017,-0.04555364019820374,0.7869630271418071,-0.585910977013615
1141,14/07/2017,0.3962781553689787,-0.03733432934907022,0.11785622905913229
1142,17/07/2017,-0.8006682317743596,0.1492537590505716,0.8181550304250607
1143,18/07/2017,0.6449389035115161,0.260659242724115,1.4165920176241187
1144,19/07/2017,-4.292105748415409,0.18577007014446423,0.2359506251334409
1145,20/07/2017,0.08807887015436222,-0.9323207565785196,0.17804798940836974
1146,21/07/2017,-0.393567719794774,-2.9659968842414397,-0.29497239656475216
1147,24/07/2017,-0.7438461723342726,-1.8699415139990183,1.2864443054076524
1148,25/07/2017,0.1368950813795955,0.03931590378929428,0.08851657018897896
1149,26/07/2017,-0.5693721435608978,0.5878911699776168,1.235762374118643
1150,27/07/2017,-0.19969706048676983,0.7785169721556073,-0.6479963438584591
1151,28/07/2017,-0.539135947875824,-1.0132588639860884,-2.5131543036266635
1152,31/07/2017,0.26301926372092055,0.3128668958041203,-3.213707032948143
1153,1/8/17,0.4345283934738653,-0.666016173951256,0.847797118472915
1154,2/8/17,-0.5867143663992991,0.31397200046678897,-0.030118268419165872
1155,3/8/17,0.33864367688911656,0.9360442759563714,-0.904785757434734
1156,4/8/17,0.1516718663733485,0.07760962748886158,0.06685642183699159
1157,7/8/17,-1.171062823457092,-0.5835457135061617,0.473774142279737
1158,8/8/17,-0.9524548506528063,-0.2734910866645901,-0.2451923612829532
1159,9/8/17,-0.23953794742297418,0.5851391768464165,-0.7941842428447643
1160,10/8/17,0.049363563641247055,-1.6075625544323735,-2.5881729293208977
1161,11/8/17,0.0,-0.3960401216096976,1.1501973822026557
1162,14/08/2017,0.33784518558173104,0.6329135051647672,1.5692505302255633
1163,15/08/2017,-0.1758149349949889,-0.8712926406923671,-0.056967306956234864
1164,16/08/2017,0.3022035436885062,-0.15923570243630003,-0.46508865901611074
1165,17/08/2017,-1.2712035588362092,-1.4042357123039029,-1.8166823283972455
1166,18/08/2017,-0.7132697857427317,-0.8113634774169931,-0.21886368811232515
1167,21/08/2017,0.4499525500128776,-0.24469832764530963,-0.5419093204184655
1168,22/08/2017,0.4833947169134767,0.44815719742405946,1.4175959586893327
1169,23/08/2017,0.7981748466569627,-0.8573230710488211,-0.9247320203303211
1170,24/08/2017,0.5612474393083211,-0.3696861881326008,-0.5810155286914309
1171,25/08/2017,0.5581219818519223,0.7788520617573624,-0.7577590177914928
1172,28/08/2017,-0.8594079095747276,-0.08169935094963776,0.08036991126161297
1173,29/08/2017,0.44110697958474887,-0.12267431511854276,0.8462830933713583
1174,30/08/2017,-0.40602085879521965,-0.6568168112097261,1.4081912285862863
1175,31/08/2017,0.329143474430893,1.1058888049232163,1.335613398323332
1176,1/9/17,0.7314302400891926,2.374834892157196,-0.23993477309351974
1177,5/9/17,-0.7244459353013433,-1.5230755345705838,-1.335738542052134
1178,6/9/17,0.5438345691016977,0.6441246102856901,0.261756835650484
1179,7/9/17,-0.6417572248890835,-3.6783877267414944,1.1986134388874525
1180,8/9/17,-0.31539540128955323,-0.8361252724683688,-1.3951248524052495
1181,11/9/17,1.677669782326241,-0.4206989797629124,1.2408459962303553
1182,12/9/17,0.6193606138538144,0.7978207340708643,0.47129958659182236
1183,13/09/2017,0.15768298040104156,0.8329910722846279,1.7173393233244738
1184,14/09/2017,-0.30873005004234955,0.6202211322824613,-0.742038036642878
1185,15/09/2017,-0.4959233197396884,-1.3696001595622231,-0.5477568015954226
1186,18/09/2017,-0.1866192549552892,2.190622833874434,-1.285087408333574
1187,19/09/2017,-0.11074964792276987,-1.0686497096385583,-0.4454635613882374
1188,20/09/2017,1.0266393957351738,0.4946423935325406,0.34481859141211046
1189,21/09/2017,-0.4259194604536276,1.7526431916733198,-0.8834544805424116
1190,22/09/2017,-0.08952788536715772,0.48367688006139,-0.9949335881414001
1191,25/09/2017,0.508592161585053,0.9603915354180259,-1.6159601331543705
1192,26/09/2017,0.47190868276985043,-0.7194275634027303,-0.12670427169467757
1193,27/09/2017,-0.6159762136051405,-2.2719029898351284,1.2987972936945091
1194,28/09/2017,0.0,-0.5348706436001383,0.579890150699125
1195,29/09/2017,-0.3989824375067563,-0.2478316014467019,0.5162269318346624
1196,2/10/17,1.0831668250951942,1.600034134644135,-0.22493475097702387
1197,3/10/17,0.08178844512629624,0.9317466637848604,-0.21813199990949883
1198,4/10/17,-0.20459667506615986,-1.2987195526811046,0.8686465941008414
1199,5/10/17,0.1637108141899546,0.24479816386397957,1.5825198038505128
1200,6/10/17,-0.1637108141899546,-0.6131227054936517,0.8861108613793078
1201,9/10/17,0.6193234482411825,-4.015595970812447,0.14238024720905074
1202,10/10/17,0.7502823394087699,-0.29920945596781934,-0.383177009001745
1203,11/10/17,-0.5943553900848109,-1.2492085774364003,0.7870073877810135
1204,12/10/17,-0.4004756752340022,-0.08673027430043945,0.5942099650767751
1205,13/10/2017,0.04760479987888644,-0.3041497022048034,0.20061288248705011
1206,16/10/2017,-0.18372406135087616,1.6400885539416432,0.3384329903721728
1207,17/10/2017,-0.19770944837844695,-0.7304006692585574,0.2768556952515766
1208,18/10/2017,8.49336318218441,-0.3023107463263841,-1.2093082528630283
1209,19/10/2017,0.8550999535025916,1.9700851305048062,-1.0475955529297032
1210,20/10/2017,0.7245410523828433,1.054639600142604,-0.3757285458354964
1211,23/10/2017,-1.567104964750765,-6.5462153597540595,-1.7043194317676758
1212,24/10/2017,-2.3270872253744024,-1.945322597833865,0.9885807984808537
1213,25/10/2017,-1.5385913443257238,-1.7976976401154587,-0.30685929994209715
1214,26/10/2017,0.06513187904850781,-0.8407335835973306,-0.04934664579030468
1215,27/10/2017,0.052056757228680084,-2.5173497427722236,12.413059383147651
1216,30/10/2017,0.44150832793947714,-1.8447125048167923,0.8952072003435063
1217,31/10/2017,-0.19453997445983973,-1.2324533618585765,-0.5026746358202772
1218,1/11/17,-0.019474828845300607,-0.6968669316093301,-0.14486276092418038
1219,2/11/17,-0.44244328658047394,-0.40040093533821874,-0.8608342811455394
1220,3/11/17,-1.1609417386678977,0.9980122756723997,1.5758647636259226
1221,6/11/17,-0.4893865993726543,-0.04966476387160412,0.8117423336454266
1222,7/11/17,0.3375429149587106,0.3966291763829677,0.223725591390167
1223,8/11/17,0.1452528879936743,-0.4463186183991219,0.8607982788182866
1224,9/11/17,-0.8414333660751616,-0.6482196719229893,-0.3315638246917274
1225,10/11/17,-0.7613741448309064,2.470481373849953,-0.3353344075529563
1226,13/11/2017,-0.5108291962786282,-7.444590513356397,0.33888043769021436
1227,14/11/2017,0.32965149196257926,-6.069034427053532,0.6769572294052395
1228,15/11/2017,-1.2095082679103974,1.9912162320113502,-0.8968379862971609
1229,16/11/2017,1.363865534892561,-0.054779513832192706,0.9364197167960775
1230,17/11/2017,-0.10064075457787425,-0.21941862889840458,-0.6536842191234626
1231,20/11/2017,1.0284517331998977,-1.2710864696042101,-0.31645764623897676
1232,21/11/2017,0.9522058639301001,-0.8377597168425677,1.1633929177849112
1233,22/11/2017,-0.11853023908479088,1.7788128835810824,1.4523409814715116
1234,24/11/2017,0.04611178896638535,0.22014318191714288,2.5482105650430853
1235,27/11/2017,0.09215983800210381,-0.38556919151977453,0.8254170932193716
1236,28/11/2017,0.3218922142176339,1.5877694630153094,-0.1866537796400891
1237,29/11/2017,0.7058391503016459,0.3795070968551695,-2.7459682670966323
1238,30/11/2017,0.27315313549953757,-1.0334603810763898,1.324215025875386
1239,1/12/17,0.5117686974302593,-2.2671692657405984,-1.231260060970385
1240,4/12/17,1.0924984954902683,0.3907345188919553,-2.473673216033312
1241,5/12/17,-0.7119749961202793,-1.0641377370263605,0.6697395599988276
1242,6/12/17,-0.8078892990835307,-0.5646542388210385,0.939885408945873
1243,7/12/17,-0.3445252964509926,0.28272566189286863,0.6435670517271674
1244,8/12/17,0.8042004297889704,0.0,0.19036696939229714
1245,11/12/17,0.3868227375146027,-0.3393668415436757,0.5937621378628855
1246,12/12/17,0.8521659497120027,1.4623432693314786,-0.32905599528385565
1247,13/12/2017,-1.8220429432777685,-0.8410478508596331,-0.08156929336431418
1248,14/12/2017,0.05845864217670638,-0.6779686985378675,0.8664143556931236
1249,15/12/2017,-0.978800636616306,1.0152371464017929,0.4147197206497033
1250,18/12/2017,0.5427865400831067,-0.3372684478639254,0.9655182060713585
1251,19/12/2017,-0.06524008582129426,-0.961817881455751,-0.269135055708869
1252,20/12/2017,-0.18289899931724918,-0.799091010103048,-0.8253746645014104
1253,21/12/2017,-0.9525445647488695,0.11454754975290804,-0.24315726175139218
1254,22/12/2017,0.6578971098043063,0.17157567835033305,-0.5462832391052608
1255,26/12/2017,0.21615964922787612,-0.40080213975390855,0.7163860207306527
1256,27/12/2017,0.19610412873714012,-0.28727396946837125,0.4662961669681387
1257,28/12/2017,0.5925010201385916,-0.11514106050416473,0.3242727778781429
1258,29/12/2017,-0.4032985497352648,0.5170939416232034,-1.4119968118705195
